ticker,price,score,points,sma50,sma200,wk52_high,wk52_low,volume
NVDA,225.16,10,"[1, 1, 1, 1, 1, 1, 1, 1, 1, 1]",206.52,194.75,235.47,164.98,120327510.55
GOOGL,345.9,8,"[0, 1, 1, 1, 1, 1, 1, 1, 1, 0]",353.89,331.1,402.38,198.75,31252920.85
GOOG,343.54,8,"[0, 1, 1, 1, 1, 1, 1, 1, 1, 0]",352.3,330.23,398.8,199.62,20633569.25
AAPL,305.93,8,"[0, 1, 1, 1, 1, 1, 1, 1, 1, 0]",308.95,279.99,339.79,224.07,52509606.6
AMZN,262.65,10,"[1, 1, 1, 1, 1, 1, 1, 1, 1, 1]",248.17,237.7,284.02,198.79,47901232.45
AVGO,392.99,10,"[1, 1, 1, 1, 1, 1, 1, 1, 1, 1]",390.33,368.25,480.81,287.49,18087846.95
TSM,426.35,10,"[1, 1, 1, 1, 1, 1, 1, 1, 1, 1]",425.06,362.32,477.57,224.84,12735904.85
TSLA,342.27,1,"[0, 0, 0, 0, 0, 0, 0, 0, 1, 0]",371.09,406.08,489.88,298.32,39798199.8
WMT,115.27,6,"[1, 0, 0, 0, 1, 1, 0, 1, 1, 1]",114.49,118.02,134.2,95.48,21445878.3
LLY,1180.16,10,"[1, 1, 1, 1, 1, 1, 1, 1, 1, 1]",1169.54,1041.33,1235.56,691.96,2657172.8
MU,971.66,10,"[1, 1, 1, 1, 1, 1, 1, 1, 1, 1]",960.65,552.44,1213.37,115.6,41964340.95
AMD,514.39,10,"[1, 1, 1, 1, 1, 1, 1, 1, 1, 1]",510.4,324.33,580.91,151.14,28470910.95
INTC,102.5,8,"[0, 1, 1, 1, 1, 1, 1, 0, 1, 1]",109.4,70.14,140.94,23.5,119246359.4
XOM,160.1,9,"[1, 1, 1, 0, 1, 1, 1, 1, 1, 1]",147.57,140.32,170.31,104.16,13951668.1
ASML,1844.08,10,"[1, 1, 1, 1, 1, 1, 1, 1, 1, 1]",1774.03,1424.46,1986.87,721.1,1589793.55
ORCL,150.52,3,"[0, 0, 0, 0, 0, 0, 1, 0, 1, 1]",152.08,175.09,324.63,114.99,32170409.05
JNJ,260.35,10,"[1, 1, 1, 1, 1, 1, 1, 1, 1, 1]",251.31,228.3,267.24,171.16,7222137.5
CAT,856.57,8,"[0, 1, 1, 1, 1, 1, 1, 1, 1, 0]",911.48,752.04,1062.93,404.15,3051055.7
CSCO,111.68,8,"[0, 1, 1, 1, 1, 1, 1, 1, 1, 0]",117.24,91.38,129.52,64.86,22469072.35
LRCX,332.36,9,"[0, 1, 1, 1, 1, 1, 1, 1, 1, 1]",337.43,249.3,433.33,96.5,10644472.1
CVX,200.0,9,"[1, 1, 1, 0, 1, 1, 1, 1, 1, 1]",183.99,175.54,209.23,144.01,7877888.8
AMAT,507.18,7,"[0, 1, 1, 1, 1, 1, 1, 0, 1, 0]",558.89,388.22,723.0,155.56,7688807.6
UNH,401.73,8,"[0, 1, 1, 1, 1, 1, 1, 1, 1, 0]",414.87,344.09,436.35,257.55,4404628.4
BABA,123.81,4,"[1, 0, 0, 0, 0, 0, 1, 0, 1, 1]",113.65,137.92,187.62,94.81,9336671.3
GE,368.38,10,"[1, 1, 1, 1, 1, 1, 1, 1, 1, 1]",356.25,317.84,381.22,264.59,3285368.35
HSBC,103.79,10,"[1, 1, 1, 1, 1, 1, 1, 1, 1, 1]",98.61,85.48,107.86,61.32,1314635.85
MS,217.36,10,"[1, 1, 1, 1, 1, 1, 1, 1, 1, 1]",215.65,185.32,227.3,140.85,5063268.7
AZN,156.45,2,"[0, 0, 0, 0, 1, 0, 0, 0, 1, 0]",174.14,183.62,208.62,145.54,4030894.85
GEV,1063.25,10,"[1, 1, 1, 1, 1, 1, 1, 1, 1, 1]",1027.46,856.91,1174.86,546.95,2587118.95
GS,1039.42,8,"[0, 1, 1, 1, 1, 1, 1, 1, 1, 0]",1054.48,925.04,1152.07,701.82,1878248.7
MRK,135.84,10,"[1, 1, 1, 1, 1, 1, 1, 1, 1, 1]",125.36,112.7,135.84,75.83,8097796.4
NVS,150.88,6,"[0, 0, 1, 1, 1, 1, 0, 1, 1, 0]",153.51,145.5,163.64,118.2,1650648.55
TXN,279.58,8,"[0, 1, 1, 1, 1, 1, 1, 1, 1, 0]",290.97,229.63,330.59,150.79,7713543.0
RY,216.56,10,"[1, 1, 1, 1, 1, 1, 1, 1, 1, 1]",206.22,175.88,216.57,134.47,1363072.7
KLAC,203.72,7,"[0, 1, 1, 1, 1, 1, 1, 0, 1, 0]",221.8,166.57,301.71,84.03,11599767.0
RTX,222.97,10,"[1, 1, 1, 1, 1, 1, 1, 1, 1, 1]",199.53,189.68,224.12,150.03,5183355.3
SNDK,1641.11,8,"[0, 1, 1, 1, 1, 1, 1, 0, 1, 1]",1655.63,903.23,2335.0,44.4,16796871.3
QCOM,165.79,3,"[0, 0, 0, 1, 0, 0, 1, 0, 1, 0]",183.87,167.67,250.1,123.61,11525986.7
ARM,279.44,8,"[0, 1, 1, 1, 1, 1, 1, 0, 1, 1]",311.3,195.04,439.46,104.55,5257646.5
C,139.33,10,"[1, 1, 1, 1, 1, 1, 1, 1, 1, 1]",136.5,119.59,144.93,90.67,9754969.05
BHP,86.78,10,"[1, 1, 1, 1, 1, 1, 1, 1, 1, 1]",84.86,73.13,93.15,51.13,2464542.75
ADI,389.39,9,"[0, 1, 1, 1, 1, 1, 1, 1, 1, 1]",391.57,337.07,445.48,223.1,3745866.6
NVO,45.89,5,"[0, 1, 1, 1, 0, 0, 1, 0, 1, 0]",47.23,45.64,61.72,34.76,12909667.8
MUFG,23.06,10,"[1, 1, 1, 1, 1, 1, 1, 1, 1, 1]",21.39,18.31,23.1,14.62,3071859.4
TTE,88.33,10,"[1, 1, 1, 1, 1, 1, 1, 1, 1, 1]",83.31,77.95,93.6,55.92,1498901.9
NEE,86.19,4,"[0, 0, 0, 0, 1, 1, 0, 1, 1, 0]",87.11,86.99,97.17,68.33,10390687.95
BA,231.67,8,"[1, 1, 1, 0, 1, 1, 0, 1, 1, 1]",221.31,219.23,252.15,179.12,6095325.65
TD,124.36,10,"[1, 1, 1, 1, 1, 1, 1, 1, 1, 1]",119.44,100.74,124.8,71.8,2258033.65
SAN,14.76,10,"[1, 1, 1, 1, 1, 1, 1, 1, 1, 1]",13.68,12.09,14.82,9.26,12375674.8
RIO,95.68,9,"[0, 1, 1, 1, 1, 1, 1, 1, 1, 1]",96.36,89.91,112.04,58.72,2517856.05
ANET,198.82,10,"[1, 1, 1, 1, 1, 1, 1, 1, 1, 1]",173.89,148.26,210.5,116.13,7764541.9
STX,973.44,10,"[1, 1, 1, 1, 1, 1, 1, 1, 1, 1]",888.88,549.39,1093.26,153.17,5513978.7
DELL,490.81,10,"[1, 1, 1, 1, 1, 1, 1, 1, 1, 1]",421.71,229.09,494.51,110.54,5856023.35
PANW,384.27,10,"[1, 1, 1, 1, 1, 1, 1, 1, 1, 1]",326.32,222.4,396.0,141.67,5871824.6
WDC,508.8,8,"[0, 1, 1, 1, 1, 1, 1, 0, 1, 1]",552.41,349.61,746.23,74.46,8200109.9
GILD,138.36,8,"[1, 1, 1, 0, 1, 1, 0, 1, 1, 1]",130.06,131.29,153.91,108.5,6730977.35
GLW,165.99,8,"[0, 1, 1, 1, 1, 1, 1, 0, 1, 1]",176.47,138.68,255.69,63.82,13499259.85
BUD,79.73,8,"[0, 1, 1, 1, 1, 1, 1, 1, 1, 0]",81.69,72.91,86.48,57.08,1856555.75
APP,315.44,1,"[0, 0, 0, 0, 0, 0, 0, 0, 1, 0]",450.23,508.19,733.6,303.76,7449703.5
APH,167.11,10,"[1, 1, 1, 1, 1, 1, 1, 1, 1, 1]",159.59,143.76,176.32,107.91,6673343.3
DE,608.85,10,"[1, 1, 1, 1, 1, 1, 1, 1, 1, 1]",601.72,553.11,658.85,435.19,999286.4
SCCO,184.61,4,"[0, 0, 0, 0, 0, 0, 1, 1, 1, 1]",,,215.57,89.82,1059352.8
WELL,235.52,9,"[1, 1, 1, 1, 1, 1, 1, 1, 1, 0]",228.07,205.54,251.12,160.05,3208376.15
MRVL,222.02,8,"[0, 1, 1, 1, 1, 1, 1, 0, 1, 1]",238.07,141.38,316.35,62.18,21847372.9
IBKR,92.06,10,"[1, 1, 1, 1, 1, 1, 1, 1, 1, 1]",91.23,77.01,97.41,59.96,4806669.8
COP,126.78,9,"[1, 1, 1, 0, 1, 1, 1, 1, 1, 1]",114.38,108.57,132.81,83.6,6569734.05
PLD,141.03,8,"[0, 1, 1, 1, 1, 1, 1, 1, 1, 0]",143.08,134.69,150.06,102.13,5321952.0
UBS,53.63,10,"[1, 1, 1, 1, 1, 1, 1, 1, 1, 1]",51.22,44.06,55.07,35.49,1737098.65
SMFG,26.32,10,"[1, 1, 1, 1, 1, 1, 1, 1, 1, 1]",24.98,21.42,26.5,15.2,1621983.55
CRWD,216.95,10,"[1, 1, 1, 1, 1, 1, 1, 1, 1, 1]",189.64,137.14,225.53,87.56,7524657.4
VRT,293.84,9,"[0, 1, 1, 1, 1, 1, 1, 1, 1, 1]",296.74,251.18,376.15,121.69,6156197.8
BTI,57.06,5,"[0, 0, 0, 1, 1, 1, 0, 1, 1, 0]",59.98,57.68,65.79,48.34,3905062.55
BBVA,28.7,10,"[1, 1, 1, 1, 1, 1, 1, 1, 1, 1]",25.62,22.87,28.7,17.1,1687105.55
NEM,117.76,9,"[1, 1, 1, 0, 1, 1, 1, 1, 1, 1]",99.09,104.98,131.38,66.67,7284575.8
PBR,17.88,7,"[1, 0, 1, 0, 1, 1, 1, 1, 1, 0]",17.69,16.44,21.86,11.39,14729973.15
PBR-A,16.07,8,"[1, 0, 1, 0, 1, 1, 1, 1, 1, 1]",15.81,15.03,19.73,10.67,6574092.6
SBUX,107.69,10,"[1, 1, 1, 1, 1, 1, 1, 1, 1, 1]",103.46,95.34,108.55,76.95,7663352.6
CVS,97.16,8,"[0, 1, 1, 1, 1, 1, 1, 1, 1, 0]",101.86,84.31,109.92,66.49,8386673.9
BMY,63.83,10,"[1, 1, 1, 1, 1, 1, 1, 1, 1, 1]",59.35,55.65,65.89,41.21,12246341.45
BP,42.53,9,"[1, 1, 1, 0, 1, 1, 1, 1, 1, 1]",41.23,39.69,47.09,31.56,7661014.3
PWR,685.78,10,"[1, 1, 1, 1, 1, 1, 1, 1, 1, 1]",672.79,573.31,785.12,372.18,1113802.1
PH,1055.85,10,"[1, 1, 1, 1, 1, 1, 1, 1, 1, 1]",967.96,919.73,1073.87,712.17,637515.35
HWM,289.18,10,"[1, 1, 1, 1, 1, 1, 1, 1, 1, 1]",274.93,240.61,291.28,170.64,2113122.1
BMO,185.81,10,"[1, 1, 1, 1, 1, 1, 1, 1, 1, 1]",175.18,146.64,185.81,110.86,760733.8
EQIX,1102.1,10,"[1, 1, 1, 1, 1, 1, 1, 1, 1, 1]",1051.22,937.52,1115.94,718.6,610394.5
MFG,10.87,10,"[1, 1, 1, 1, 1, 1, 1, 1, 1, 1]",10.15,8.61,10.99,6.09,3374252.55
TT,480.2,9,"[1, 1, 1, 1, 1, 1, 0, 1, 1, 1]",474.08,441.55,503.46,374.67,1174029.6
CM,123.74,10,"[1, 1, 1, 1, 1, 1, 1, 1, 1, 1]",115.94,100.91,123.74,71.53,884613.55
CDNS,324.82,4,"[0, 0, 0, 1, 1, 0, 0, 1, 1, 0]",361.26,327.6,416.39,265.66,2433037.05
GSK,49.52,5,"[0, 0, 0, 0, 1, 1, 1, 1, 1, 0]",51.81,51.46,60.14,37.97,4328666.4
SNPS,421.5,3,"[0, 0, 0, 0, 1, 0, 0, 0, 1, 1]",426.97,447.31,625.33,372.33,1777672.55
AEM,186.46,6,"[1, 0, 1, 0, 1, 0, 1, 0, 1, 1]",157.08,182.77,251.57,129.02,2983005.35
HCA,404.68,3,"[1, 0, 0, 0, 0, 0, 0, 0, 1, 1]",392.21,454.83,543.23,360.6,1400305.5
BNS,91.54,10,"[1, 1, 1, 1, 1, 1, 1, 1, 1, 1]",86.38,75.9,91.54,56.09,2210493.15
CMI,631.26,8,"[0, 1, 1, 1, 1, 1, 1, 1, 1, 0]",664.6,588.52,727.59,387.92,961569.2
MAR,356.72,8,"[0, 1, 1, 1, 1, 1, 1, 1, 1, 0]",374.35,338.61,402.54,257.42,1722244.35
CNQ,47.97,10,"[1, 1, 1, 1, 1, 1, 1, 1, 1, 1]",43.81,40.65,49.57,28.74,6388888.0
EQNR,40.77,10,"[1, 1, 1, 1, 1, 1, 1, 1, 1, 1]",36.48,31.73,41.97,21.89,3613690.4
ITUB,7.4,4,"[0, 0, 0, 0, 1, 1, 0, 1, 1, 0]",8.05,7.89,9.38,5.91,20405911.9
FDX,334.64,10,"[1, 1, 1, 1, 1, 1, 1, 1, 1, 1]",319.46,281.2,339.35,177.19,1557277.15
FCX,66.49,10,"[1, 1, 1, 1, 1, 1, 1, 1, 1, 1]",64.02,58.21,71.55,34.96,13064654.9
USB,65.42,10,"[1, 1, 1, 1, 1, 1, 1, 1, 1, 1]",61.43,54.77,65.42,44.01,7025444.8
JCI,153.64,10,"[1, 1, 1, 1, 1, 1, 1, 1, 1, 1]",144.89,132.34,154.76,102.92,3464375.65
ING,35.7,10,"[1, 1, 1, 1, 1, 1, 1, 1, 1, 1]",32.2,28.22,35.7,22.65,2328776.55
FTNT,160.01,9,"[1, 1, 1, 1, 1, 1, 1, 1, 1, 0]",154.92,104.47,168.29,75.23,5457179.8
MNST,46.82,4,"[0, 0, 0, 1, 1, 1, 0, 0, 1, 0]",90.71,80.72,99.94,45.53,6498435.3
CSX,50.16,9,"[1, 1, 1, 1, 1, 1, 1, 1, 1, 0]",48.99,41.86,53.23,31.73,13277662.6
AMX,23.45,5,"[0, 0, 0, 1, 1, 1, 0, 1, 1, 0]",25.44,23.88,27.42,18.79,2434783.35
ELV,400.32,10,"[1, 1, 1, 1, 1, 1, 1, 1, 1, 1]",396.37,351.16,426.79,277.89,1087392.2
BCS,28.14,10,"[1, 1, 1, 1, 1, 1, 1, 1, 1, 1]",26.78,24.14,28.24,18.92,4612089.1
SLB,53.77,9,"[1, 1, 1, 0, 1, 1, 1, 1, 1, 1]",49.92,47.33,58.01,31.12,12563806.65
MPWR,1402.01,10,"[1, 1, 1, 1, 1, 1, 1, 1, 1, 1]",1399.27,1225.06,1687.32,815.04,852241.5
LYG,6.21,10,"[1, 1, 1, 1, 1, 1, 1, 1, 1, 1]",5.81,5.31,6.21,4.11,14872518.35
E,55.28,10,"[1, 1, 1, 1, 1, 1, 1, 1, 1, 1]",51.04,46.33,56.97,33.26,386724.4
CIEN,428.77,9,"[1, 1, 1, 1, 1, 1, 1, 0, 1, 1]",428.07,363.2,627.0,86.64,2143837.4
APO,140.76,9,"[1, 1, 1, 1, 0, 1, 1, 1, 1, 1]",126.48,126.78,151.44,99.88,3842537.0
CRH,97.15,1,"[0, 0, 0, 0, 0, 0, 0, 0, 1, 0]",103.77,112.53,130.44,95.01,4620139.85
SU,65.82,10,"[1, 1, 1, 1, 1, 1, 1, 1, 1, 1]",60.79,55.75,69.27,37.63,4739285.25
REGN,803.48,8,"[1, 1, 1, 0, 0, 1, 1, 1, 1, 1]",675.78,718.95,810.08,553.32,834176.15
NXPI,234.71,4,"[0, 0, 0, 1, 1, 1, 0, 0, 1, 0]",273.44,240.77,331.55,181.81,4445504.1
BE,229.94,8,"[0, 1, 1, 1, 1, 1, 1, 0, 1, 1]",247.24,184.56,345.85,43.1,17416394.4
ROST,245.36,10,"[1, 1, 1, 1, 1, 1, 1, 1, 1, 1]",234.0,206.63,255.23,143.75,2105857.25
B,41.6,8,"[1, 0, 1, 0, 1, 1, 1, 1, 1, 1]",38.35,41.39,52.32,23.43,10102380.2
HLT,327.21,8,"[0, 1, 1, 1, 1, 1, 0, 1, 1, 1]",331.37,308.11,350.22,256.36,2029016.8
ASX,39.54,10,"[1, 1, 1, 1, 1, 1, 1, 1, 1, 1]",38.64,26.22,44.67,9.53,8324621.5
NOK,10.76,8,"[0, 1, 1, 1, 1, 1, 1, 0, 1, 1]",11.75,9.37,16.85,4.2,90220704.15
VLO,341.67,10,"[1, 1, 1, 1, 1, 1, 1, 1, 1, 1]",283.3,224.33,342.92,133.96,2671192.25
MPC,355.42,10,"[1, 1, 1, 1, 1, 1, 1, 1, 1, 1]",287.77,227.59,356.37,159.22,2315350.75
GM,86.77,10,"[1, 1, 1, 1, 1, 1, 1, 1, 1, 1]",81.84,78.41,90.3,54.99,6935022.2
AEP,125.6,6,"[0, 0, 1, 1, 1, 1, 0, 1, 1, 0]",130.22,124.79,137.64,103.24,3810465.35
DDOG,255.46,9,"[1, 1, 1, 1, 1, 1, 1, 1, 1, 0]",248.81,172.27,288.15,102.61,5339323.4
LITE,926.14,10,"[1, 1, 1, 1, 1, 1, 1, 1, 1, 1]",813.68,635.61,1053.09,115.86,5175083.65
VALE,13.63,5,"[0, 0, 0, 0, 1, 1, 1, 1, 1, 0]",14.45,14.46,17.33,8.97,22763398.2
NSC,334.41,8,"[1, 1, 1, 1, 1, 1, 0, 1, 1, 0]",323.68,301.99,349.28,267.63,1255618.7
HOOD,95.56,4,"[0, 1, 0, 1, 0, 0, 1, 0, 1, 0]",99.09,97.26,152.46,65.16,17855811.5
NET,315.78,10,"[1, 1, 1, 1, 1, 1, 1, 1, 1, 1]",263.01,217.71,330.83,160.19,4056942.6
PSX,233.61,10,"[1, 1, 1, 1, 1, 1, 1, 1, 1, 1]",192.47,162.58,233.61,118.77,2539432.85
FIX,1774.06,7,"[0, 1, 1, 1, 1, 1, 0, 0, 1, 1]",1793.59,1440.33,,,477642.7
DLR,200.15,10,"[1, 1, 1, 1, 1, 1, 1, 1, 1, 1]",185.9,175.5,202.56,145.96,2716566.05
WBD,27.99,9,"[1, 1, 1, 0, 1, 1, 1, 1, 1, 1]",26.55,26.83,29.98,11.54,23896422.5
TRP,64.02,8,"[0, 1, 1, 1, 1, 1, 1, 1, 1, 0]",67.4,60.94,70.59,48.85,2386071.85
MFC,44.46,10,"[1, 1, 1, 1, 1, 1, 1, 1, 1, 1]",42.0,37.31,44.77,29.49,2210267.55
SPG,219.58,8,"[0, 1, 1, 1, 1, 1, 1, 1, 1, 0]",221.8,196.22,236.7,164.73,1406844.9
COHR,325.83,9,"[0, 1, 1, 1, 1, 1, 1, 1, 1, 1]",337.31,265.55,426.89,86.55,6872524.5
MSTR,93.04,1,"[0, 0, 0, 0, 0, 0, 0, 0, 1, 0]",101.45,148.07,366.32,82.31,15794726.25
BKR,64.82,9,"[1, 1, 1, 0, 1, 1, 1, 1, 1, 1]",59.21,56.96,69.18,42.14,8732169.4
WPM,134.21,9,"[1, 1, 1, 0, 1, 1, 1, 1, 1, 1]",116.07,125.24,165.21,90.74,1871751.4
CRWV,105.26,7,"[1, 1, 1, 0, 1, 0, 1, 0, 1, 1]",90.66,92.94,143.08,60.82,32140186.35
KEYS,357.82,10,"[1, 1, 1, 1, 1, 1, 1, 1, 1, 1]",333.12,276.8,373.34,158.51,1103690.3
CVNA,75.59,7,"[1, 1, 1, 0, 0, 0, 1, 1, 1, 1]",67.17,72.41,95.69,56.26,10460345.8
RKLB,80.25,7,"[0, 0, 1, 1, 1, 1, 1, 0, 1, 1]",85.54,78.39,150.23,39.48,19320488.0
TEL,216.23,5,"[1, 1, 0, 0, 0, 0, 0, 1, 1, 1]",206.97,218.15,247.28,195.09,2642553.2
URI,1153.83,10,"[1, 1, 1, 1, 1, 1, 1, 1, 1, 1]",1092.35,908.45,1160.84,707.78,522385.45
GWW,1322.64,8,"[0, 1, 1, 1, 1, 1, 1, 1, 1, 0]",1340.72,1146.15,1399.3,912.82,293956.7
TGT,154.48,10,"[1, 1, 1, 1, 1, 1, 1, 1, 1, 1]",136.73,115.26,155.51,81.44,3401301.35
TER,418.79,10,"[1, 1, 1, 1, 1, 1, 1, 1, 1, 1]",383.44,301.71,483.84,109.02,3580783.3
LHX,291.82,4,"[0, 0, 0, 0, 1, 0, 0, 1, 1, 1]",293.33,314.4,375.64,266.23,1607778.1
CARR,62.78,6,"[0, 0, 1, 1, 1, 1, 0, 1, 1, 0]",67.97,60.78,75.73,49.79,7139513.15
CTVA,76.68,6,"[0, 0, 1, 1, 1, 1, 0, 1, 1, 0]",81.61,75.66,90.51,60.56,4653834.25
AU,96.3,9,"[1, 1, 1, 0, 1, 1, 1, 1, 1, 1]",84.25,90.57,124.62,49.42,2600781.75
OKE,94.99,10,"[1, 1, 1, 1, 1, 1, 1, 1, 1, 1]",88.74,81.05,94.99,61.95,3824439.4
MCHP,79.17,7,"[0, 0, 1, 1, 1, 1, 1, 1, 1, 0]",85.73,75.69,102.71,48.06,11086599.45
MCHPP,68.14,7,"[0, 0, 1, 1, 1, 1, 1, 1, 1, 0]",73.0,65.61,85.72,45.73,236490.6
CVE,31.01,10,"[1, 1, 1, 1, 1, 1, 1, 1, 1, 1]",27.55,23.34,31.62,14.69,7546427.6
AME,254.79,10,"[1, 1, 1, 1, 1, 1, 1, 1, 1, 1]",238.56,222.14,258.52,178.45,1186702.45
TRGP,275.79,9,"[1, 1, 1, 1, 1, 1, 1, 1, 1, 0]",268.69,226.32,284.25,143.22,1130945.65
COIN,148.47,1,"[0, 0, 0, 0, 0, 0, 0, 0, 1, 0]",157.95,202.98,387.27,141.09,7787521.85
FANG,202.47,8,"[1, 1, 1, 1, 1, 1, 0, 0, 1, 1]",190.11,174.3,,,1830752.25
OXY,58.36,10,"[1, 1, 1, 1, 1, 1, 1, 1, 1, 1]",54.47,50.69,65.94,38.56,8417913.95
DVN,45.85,9,"[1, 1, 1, 0, 1, 1, 1, 1, 1, 1]",43.51,42.05,51.7,31.15,10074243.4
FLEX,126.16,9,"[0, 1, 1, 1, 1, 1, 1, 1, 1, 1]",134.64,91.15,162.07,49.0,4660178.4
ABEV,2.8,6,"[0, 0, 0, 1, 1, 1, 1, 1, 1, 0]",3.08,2.87,3.42,2.1,29958914.1
NUE,268.91,10,"[1, 1, 1, 1, 1, 1, 1, 1, 1, 1]",248.04,197.24,274.74,130.57,1386193.05
STM,54.29,7,"[0, 1, 1, 1, 1, 1, 1, 0, 1, 0]",65.28,43.2,79.82,21.04,10636850.9
BIDU,103.67,2,"[0, 0, 0, 0, 1, 0, 0, 0, 1, 0]",111.7,124.91,162.52,86.76,1907240.1
ETR,107.84,7,"[0, 1, 1, 1, 1, 1, 0, 1, 1, 0]",111.03,103.48,116.66,84.72,2601873.0
CCJ,97.74,6,"[1, 0, 0, 0, 1, 1, 1, 0, 1, 1]",96.73,104.96,134.09,70.33,3355899.8
FER,64.13,5,"[0, 0, 0, 0, 1, 1, 0, 1, 1, 1]",66.0,66.49,73.66,52.6,1600964.6
ROK,449.37,8,"[0, 1, 1, 1, 1, 1, 1, 1, 1, 0]",462.82,414.75,495.08,330.36,892392.45
EA,209.7,9,"[1, 1, 1, 1, 1, 1, 0, 1, 1, 1]",204.14,202.27,209.7,165.57,4050197.3
ARGX,851.29,7,"[0, 1, 1, 1, 0, 1, 1, 1, 1, 0]",879.02,831.53,939.68,653.83,280244.95
DAL,89.35,10,"[1, 1, 1, 1, 1, 1, 1, 1, 1, 1]",87.01,72.1,93.43,55.22,5072076.45
EBAY,103.14,8,"[0, 1, 1, 1, 1, 1, 1, 1, 1, 0]",110.57,96.92,118.63,78.93,4320083.55
FERG,244.94,8,"[1, 1, 1, 0, 1, 1, 0, 1, 1, 1]",235.52,239.48,266.68,208.41,4359394.4
MT,73.86,10,"[1, 1, 1, 1, 1, 1, 1, 1, 1, 1]",67.02,56.46,75.2,32.0,1419632.05
WAB,299.02,8,"[1, 1, 1, 1, 1, 1, 0, 0, 1, 1]",276.41,247.4,,,1126575.25
FNV,234.21,8,"[1, 0, 1, 0, 1, 1, 1, 1, 1, 1]",215.94,226.98,279.76,172.75,784391.8
FITB,58.06,10,"[1, 1, 1, 1, 1, 1, 1, 1, 1, 1]",56.0,49.36,59.37,39.38,5100914.1
XYZ,82.88,10,"[1, 1, 1, 1, 1, 1, 1, 1, 1, 1]",77.1,67.88,84.64,49.09,5015026.5
NBIS,277.68,10,"[1, 1, 1, 1, 1, 1, 1, 1, 1, 1]",222.24,146.46,286.69,64.06,26815861.15
RKT,14.76,3,"[1, 0, 0, 0, 0, 0, 0, 0, 1, 1]",14.01,16.37,23.44,12.35,29159146.15
VTR,91.52,9,"[1, 1, 1, 1, 1, 1, 1, 1, 1, 0]",90.0,83.12,100.53,65.45,3359194.55
CLS,335.05,8,"[0, 1, 1, 1, 1, 1, 1, 0, 1, 1]",349.81,330.09,472.4,181.34,3407274.75
CAH,235.17,10,"[1, 1, 1, 1, 1, 1, 1, 1, 1, 1]",229.06,211.83,240.26,144.54,2063965.85
TEVA,36.77,10,"[1, 1, 1, 1, 1, 1, 1, 1, 1, 1]",33.59,31.53,36.77,17.56,5871967.1
HPE,58.71,10,"[1, 1, 1, 1, 1, 1, 1, 1, 1, 1]",48.49,30.86,59.82,19.72,16313152.4
STT,191.74,10,"[1, 1, 1, 1, 1, 1, 1, 1, 1, 1]",177.07,142.29,191.74,107.72,1693068.3
ODFL,210.97,8,"[0, 1, 1, 1, 1, 1, 1, 1, 1, 0]",224.98,191.65,248.73,125.7,1764419.85
GFS,54.58,6,"[0, 0, 1, 1, 1, 1, 1, 0, 1, 0]",66.18,52.32,89.83,31.62,4551915.35
WDS,23.17,10,"[1, 1, 1, 1, 1, 1, 1, 1, 1, 1]",21.34,19.78,24.78,13.89,693682.95
EME,836.29,10,"[1, 1, 1, 1, 1, 1, 1, 1, 1, 1]",797.88,750.58,943.26,580.64,421519.45
ON,82.66,6,"[0, 0, 1, 1, 1, 1, 1, 0, 1, 0]",96.95,76.43,133.93,44.9,9789082.7
GFI,40.24,5,"[1, 0, 0, 0, 1, 0, 1, 0, 1, 1]",35.14,42.59,59.77,28.48,3503788.7
ERIC,10.27,5,"[0, 0, 0, 0, 1, 1, 1, 0, 1, 1]",10.77,10.77,13.74,7.44,12575814.85
KB,119.95,10,"[1, 1, 1, 1, 1, 1, 1, 1, 1, 1]",113.29,101.53,124.01,77.5,248317.45
PUK,27.88,5,"[1, 0, 0, 0, 1, 1, 0, 1, 1, 0]",27.76,29.38,33.17,24.98,1097977.3
IRM,129.43,10,"[1, 1, 1, 1, 1, 1, 1, 1, 1, 1]",124.62,106.97,133.06,77.69,1803409.4
LYV,188.46,10,"[1, 1, 1, 1, 1, 1, 1, 1, 1, 1]",177.92,157.57,188.46,125.61,2136939.7
KGC,27.31,6,"[1, 0, 0, 0, 1, 1, 1, 0, 1, 1]",24.84,28.91,37.97,18.62,7918059.9
JBL,363.1,10,"[1, 1, 1, 1, 1, 1, 1, 1, 1, 1]",344.17,285.17,385.63,192.39,1042572.65
ADM,80.45,9,"[1, 1, 1, 1, 1, 1, 1, 1, 1, 0]",80.03,69.89,87.32,54.76,4004706.5
VOD,16.42,10,"[1, 1, 1, 1, 1, 1, 1, 1, 1, 1]",14.94,14.15,16.42,10.73,4384142.95
BBD,3.14,4,"[0, 0, 0, 0, 1, 1, 0, 1, 1, 0]",3.43,3.53,4.11,2.74,29894030.85
VIK,97.99,8,"[0, 1, 1, 1, 1, 1, 1, 1, 1, 0]",99.51,79.86,108.26,57.08,2160212.2
UMC,19.15,7,"[0, 1, 1, 1, 1, 1, 1, 0, 1, 0]",21.77,13.2,27.53,6.47,14370931.5
ONC,347.48,8,"[1, 1, 1, 0, 0, 1, 1, 1, 1, 1]",302.51,315.14,377.47,260.27,394322.7
LVS,46.23,2,"[0, 0, 0, 0, 0, 0, 0, 0, 1, 1]",47.03,54.85,68.29,44.5,5605358.45
IX,40.16,10,"[1, 1, 1, 1, 1, 1, 1, 1, 1, 1]",39.53,33.18,41.31,24.22,223425.45
CRDO,259.9,10,"[1, 1, 1, 1, 1, 1, 1, 1, 1, 1]",239.39,171.09,302.52,87.81,5001861.7
ALAB,321.61,8,"[0, 1, 1, 1, 1, 1, 1, 0, 1, 1]",355.04,215.8,483.02,100.27,4564836.0
STLD,255.77,10,"[1, 1, 1, 1, 1, 1, 1, 1, 1, 1]",249.98,203.44,282.12,123.97,1151462.25
HAL,34.42,6,"[0, 0, 1, 0, 1, 1, 1, 1, 1, 0]",34.68,33.97,42.8,20.62,12615057.55
HUM,389.05,9,"[1, 1, 1, 1, 1, 1, 1, 1, 1, 0]",380.58,268.85,409.42,162.46,1390613.65
MTZ,297.59,5,"[0, 0, 0, 1, 1, 1, 1, 0, 1, 0]",344.83,300.45,437.51,172.51,1529201.85
UAL,125.34,10,"[1, 1, 1, 1, 1, 1, 1, 1, 1, 1]",122.46,106.97,136.11,85.21,3531970.65
ZM,105.96,10,"[1, 1, 1, 1, 1, 1, 1, 1, 1, 1]",93.22,89.04,111.88,72.16,3106313.4
TS,53.58,7,"[0, 0, 1, 1, 1, 1, 1, 1, 1, 0]",56.99,51.05,64.02,33.04,1451605.35
CASY,846.45,9,"[1, 1, 1, 1, 1, 1, 1, 1, 1, 0]",834.76,705.72,915.59,492.8,285987.35
TECK,63.53,10,"[1, 1, 1, 1, 1, 1, 1, 1, 1, 1]",61.17,54.58,70.46,31.1,3230083.45
SYM,42.7,3,"[1, 0, 0, 0, 0, 0, 0, 0, 1, 1]",42.27,54.73,87.3,38.57,1665107.65
EL,86.1,3,"[1, 0, 0, 0, 0, 0, 0, 0, 1, 1]",84.14,91.25,118.78,66.97,2238515.5
SHG,75.36,10,"[1, 1, 1, 1, 1, 1, 1, 1, 1, 1]",69.32,62.53,75.81,46.81,222993.55
Q,142.3,8,"[0, 1, 1, 1, 1, 0, 1, 1, 1, 1]",144.88,118.91,175.64,73.4,1851807.8
TWLO,238.2,10,"[1, 1, 1, 1, 1, 1, 1, 1, 1, 1]",206.9,155.43,255.95,100.09,2469240.3
RVMD,203.71,10,"[1, 1, 1, 1, 1, 1, 1, 1, 1, 1]",179.68,122.07,206.97,35.67,1720196.8
RDDT,178.09,6,"[1, 1, 1, 1, 0, 0, 1, 0, 1, 0]",175.02,177.86,270.71,121.84,6968722.65
IQV,236.66,9,"[1, 1, 1, 1, 0, 1, 1, 1, 1, 1]",205.25,198.57,247.56,156.66,1479501.8
NTRS,191.41,10,"[1, 1, 1, 1, 1, 1, 1, 1, 1, 1]",179.74,153.17,191.41,120.74,1188054.1
DOV,207.07,4,"[0, 0, 0, 0, 1, 1, 0, 1, 1, 0]",213.9,208.04,232.21,159.95,1249837.55
RPRX,58.6,10,"[1, 1, 1, 1, 1, 1, 1, 1, 1, 1]",56.82,47.27,59.97,34.37,2866768.15
ASTS,70.98,4,"[0, 0, 0, 0, 1, 0, 1, 0, 1, 1]",73.15,81.89,133.09,36.91,12874438.6
BIIB,209.83,10,"[1, 1, 1, 1, 1, 1, 1, 1, 1, 1]",203.34,186.38,216.63,132.22,981726.2
VG,13.99,10,"[1, 1, 1, 1, 1, 1, 1, 1, 1, 1]",12.62,10.9,17.51,5.9,15715643.1
EXPE,332.69,9,"[1, 1, 1, 1, 0, 1, 1, 1, 1, 1]",269.47,251.98,332.69,187.7,1630080.2
CRCL,71.6,4,"[1, 0, 0, 0, 0, 0, 1, 0, 1, 1]",69.81,86.43,150.48,50.23,11519631.8
ARES,144.02,8,"[1, 1, 1, 1, 0, 0, 1, 1, 1, 1]",126.26,131.79,182.53,94.25,2357300.85
FTI,78.61,10,"[1, 1, 1, 1, 1, 1, 1, 1, 1, 1]",70.38,61.71,78.61,34.67,3445128.9
FTAI,217.13,5,"[0, 0, 0, 0, 1, 1, 1, 0, 1, 1]",232.53,231.19,308.99,139.63,1780305.6
AXIA,9.56,4,"[0, 0, 0, 0, 1, 1, 1, 0, 1, 0]",10.35,10.19,13.43,5.83,2635398.45
CNC,67.47,10,"[1, 1, 1, 1, 1, 1, 1, 1, 1, 1]",64.93,48.12,68.72,28.38,5043857.85
NTRA,309.93,10,"[1, 1, 1, 1, 1, 1, 1, 1, 1, 1]",260.28,225.55,322.1,160.12,1304759.6
NVT,171.39,10,"[1, 1, 1, 1, 1, 1, 1, 1, 1, 1]",161.23,131.66,184.1,87.42,2166429.4
MTSI,316.44,9,"[0, 1, 1, 1, 1, 1, 1, 1, 1, 1]",320.9,254.36,409.68,121.0,1513553.85
TPL,358.52,4,"[0, 0, 0, 0, 1, 1, 1, 0, 1, 0]",389.6,387.25,538.97,272.83,363175.95
TPR,128.98,6,"[0, 0, 0, 1, 1, 1, 1, 1, 1, 0]",146.33,136.26,164.78,96.67,2619717.2
CFG,74.73,10,"[1, 1, 1, 1, 1, 1, 1, 1, 1, 1]",69.8,61.68,74.73,46.87,3629070.75
CW,699.31,7,"[0, 0, 1, 1, 1, 1, 1, 1, 1, 0]",740.19,673.11,792.77,477.19,255822.0
DOW,31.07,7,"[1, 0, 1, 0, 1, 1, 1, 0, 1, 1]",30.48,30.49,41.45,19.91,9816817.75
EIX,71.41,8,"[0, 1, 1, 1, 1, 1, 1, 1, 1, 0]",73.64,66.41,80.38,50.16,3189072.8
PKX,58.6,5,"[1, 0, 0, 0, 1, 1, 0, 0, 1, 1]",55.16,60.31,91.72,45.13,325666.85
BAP,386.36,9,"[1, 1, 1, 1, 1, 1, 1, 1, 1, 0]",380.55,321.01,402.27,236.66,280943.6
VRSN,284.24,10,"[1, 1, 1, 1, 1, 1, 1, 1, 1, 1]",274.62,257.7,310.0,210.93,896606.4
HUBB,511.39,8,"[1, 1, 1, 0, 1, 1, 0, 1, 1, 1]",494.51,483.0,556.18,403.7,610312.5
STRL,576.48,7,"[0, 1, 1, 1, 1, 1, 1, 0, 1, 0]",710.81,513.26,993.74,273.82,827276.7
EC,17.17,10,"[1, 1, 1, 1, 1, 1, 1, 1, 1, 1]",15.92,12.78,17.4,8.2,2115545.65
P,118.16,8,"[1, 1, 1, 1, 0, 0, 1, 1, 1, 1]",78.67,74.56,118.16,55.53,2776931.35
AER,152.45,10,"[1, 1, 1, 1, 1, 1, 1, 1, 1, 1]",147.23,141.7,154.82,112.16,1052844.25
PAAS,47.42,6,"[1, 0, 0, 0, 1, 1, 1, 0, 1, 1]",46.05,50.98,68.3,30.46,4111018.45
DG,123.28,6,"[1, 0, 0, 0, 1, 1, 1, 1, 1, 0]",118.55,123.28,154.71,94.6,1934929.55
VIV,11.41,3,"[0, 0, 0, 0, 1, 1, 0, 0, 1, 0]",13.02,13.41,16.32,11.0,1765984.8
SYF,81.0,8,"[1, 1, 1, 1, 0, 1, 0, 1, 1, 1]",74.7,74.05,87.38,63.25,3600075.0
ZS,183.6,6,"[1, 1, 1, 0, 0, 0, 1, 0, 1, 1]",145.46,183.08,336.27,118.05,2175982.3
SQM,74.32,8,"[1, 0, 1, 0, 1, 1, 1, 1, 1, 1]",73.04,73.43,94.63,40.31,893159.65
BG,113.69,6,"[0, 0, 1, 0, 1, 1, 1, 1, 1, 0]",115.0,111.94,131.41,75.69,1366683.4
FMX,118.27,8,"[0, 1, 1, 1, 1, 1, 1, 1, 1, 0]",125.2,110.16,132.15,81.24,512433.5
MDB,460.33,9,"[1, 1, 1, 1, 0, 1, 1, 1, 1, 1]",349.33,337.69,472.29,211.96,1458288.75
XPO,211.06,9,"[1, 1, 1, 1, 1, 1, 1, 1, 1, 0]",208.54,184.55,228.37,123.66,991985.9
ALB,136.15,6,"[1, 0, 0, 0, 1, 1, 1, 0, 1, 1]",134.54,153.5,215.07,71.61,2404692.3
UTHR,499.73,6,"[0, 0, 0, 1, 1, 1, 1, 1, 1, 0]",536.05,518.94,596.76,304.76,520638.7
FSLR,225.56,4,"[0, 1, 0, 1, 0, 0, 0, 0, 1, 1]",235.83,234.37,318.25,184.7,2632228.0
TSN,58.17,6,"[1, 0, 0, 0, 1, 1, 0, 1, 1, 1]",57.79,59.59,68.18,49.45,3131036.9
TSEM,265.48,10,"[1, 1, 1, 1, 1, 1, 1, 1, 1, 1]",244.44,176.45,316.85,46.87,2036826.25
RF,31.9,10,"[1, 1, 1, 1, 1, 1, 1, 1, 1, 1]",30.41,27.69,32.4,22.67,8568074.5
KEY,23.31,9,"[1, 1, 1, 1, 1, 1, 1, 1, 1, 0]",22.85,20.83,23.99,16.27,9930859.0
TEAM,162.22,8,"[1, 1, 1, 1, 0, 0, 1, 1, 1, 1]",98.94,107.85,182.36,57.15,5457649.8
LYB,63.76,9,"[1, 1, 1, 0, 1, 1, 1, 1, 1, 1]",59.72,58.14,81.53,40.28,4456784.95
JBHT,279.71,9,"[1, 1, 1, 1, 1, 1, 1, 1, 1, 0]",279.48,229.16,297.91,129.59,925819.0
SBAC,185.2,3,"[0, 0, 0, 0, 1, 0, 0, 1, 1, 0]",186.35,192.19,222.41,164.16,1141979.1
WST,349.42,9,"[1, 1, 1, 1, 1, 1, 1, 1, 1, 0]",344.93,288.09,365.5,230.63,782937.6
CPAY,417.6,10,"[1, 1, 1, 1, 1, 1, 1, 1, 1, 1]",366.02,326.68,425.24,255.0,584592.4
ENTG,161.76,10,"[1, 1, 1, 1, 1, 1, 1, 1, 1, 1]",145.62,121.9,183.84,68.64,2727566.1
NMR,9.82,10,"[1, 1, 1, 1, 1, 1, 1, 1, 1, 1]",9.34,8.47,10.04,6.73,811778.2
IHG,160.22,9,"[0, 1, 1, 1, 1, 1, 1, 1, 1, 1]",163.3,144.33,174.13,116.75,269058.3
FN,570.22,9,"[1, 1, 1, 0, 1, 1, 1, 1, 1, 1]",532.02,536.55,746.47,277.04,756842.45
SBS,4.6,3,"[0, 0, 0, 0, 1, 1, 0, 0, 1, 0]",5.53,5.57,7.08,4.17,7845816.55
WWD,370.56,7,"[0, 0, 1, 1, 1, 1, 1, 1, 1, 0]",395.29,353.29,436.44,236.67,670790.8
SITM,711.91,10,"[1, 1, 1, 1, 1, 1, 1, 1, 1, 1]",638.01,474.74,901.48,212.77,507882.5
INSM,123.74,4,"[1, 0, 0, 0, 0, 0, 1, 0, 1, 1]",107.72,145.5,211.41,91.88,3211899.25
BEKE,17.01,6,"[1, 1, 1, 0, 1, 0, 0, 1, 1, 0]",16.12,16.56,19.99,14.26,2978961.95
AKAM,124.99,10,"[1, 1, 1, 1, 1, 1, 1, 1, 1, 1]",122.66,107.4,161.14,71.97,3768536.5
PFG,113.98,10,"[1, 1, 1, 1, 1, 1, 1, 1, 1, 1]",111.09,95.7,115.41,74.89,1541208.2
RL,388.92,9,"[0, 1, 1, 1, 1, 1, 1, 1, 1, 1]",389.61,362.21,413.24,282.3,601041.65
ATI,228.48,10,"[1, 1, 1, 1, 1, 1, 1, 1, 1, 1]",196.86,150.01,230.43,71.34,1576763.9
MRNA,63.32,10,"[1, 1, 1, 1, 1, 1, 1, 1, 1, 1]",60.81,46.48,81.8,22.36,5420283.25
ILMN,190.89,10,"[1, 1, 1, 1, 1, 1, 1, 1, 1, 1]",183.38,144.55,205.1,91.0,1964682.05
AFRM,78.35,9,"[1, 1, 1, 1, 0, 1, 1, 1, 1, 1]",75.47,66.3,92.18,42.53,3101592.1
CRS,544.59,8,"[0, 1, 1, 1, 1, 1, 1, 1, 1, 0]",565.04,419.53,619.25,231.97,695971.25
SMCI,39.84,7,"[1, 1, 1, 1, 0, 0, 1, 0, 1, 1]",30.81,31.81,58.68,20.53,61958862.9
MKSI,310.73,7,"[0, 1, 1, 1, 1, 1, 1, 0, 1, 0]",342.87,252.76,444.8,98.84,1507829.65
IFF,84.18,10,"[1, 1, 1, 1, 1, 1, 1, 1, 1, 1]",78.51,72.46,88.07,58.53,1754220.35
EXPD,186.12,10,"[1, 1, 1, 1, 1, 1, 1, 1, 1, 1]",170.71,153.89,187.05,111.96,1181435.05
ROIV,36.2,10,"[1, 1, 1, 1, 1, 1, 1, 1, 1, 1]",33.54,27.23,36.81,11.64,5291010.5
DD,146.26,10,"[1, 1, 1, 1, 1, 1, 1, 1, 1, 1]",139.82,134.32,153.36,90.06,1739786.2
IREN,44.06,3,"[0, 0, 0, 0, 0, 0, 1, 0, 1, 1]",44.89,47.09,76.41,18.73,49363981.05
RGLD,230.68,8,"[1, 0, 1, 0, 1, 1, 1, 1, 1, 1]",205.99,229.99,303.02,165.28,725717.85
FUTU,105.23,3,"[1, 0, 0, 0, 0, 0, 0, 0, 1, 1]",99.63,140.87,195.9,89.76,1196850.75
ULS,77.46,4,"[0, 0, 0, 1, 1, 1, 0, 0, 1, 0]",90.03,85.5,104.74,62.21,1048815.0
CHRW,148.57,4,"[0, 0, 0, 1, 1, 1, 0, 0, 1, 0]",180.09,172.14,209.42,119.2,2361239.15
LUV,44.26,8,"[0, 1, 1, 1, 1, 1, 1, 1, 1, 0]",47.1,42.18,54.33,29.29,5264844.65
DKS,201.97,4,"[0, 0, 0, 1, 1, 0, 0, 1, 1, 0]",216.12,210.43,239.17,185.52,1278573.2
VTRS,16.23,8,"[0, 1, 1, 1, 1, 1, 1, 1, 1, 0]",16.58,14.14,17.86,9.23,11190002.05
RCI,36.44,6,"[1, 1, 1, 0, 0, 0, 0, 1, 1, 1]",34.9,36.3,40.21,31.45,1425757.75
FFIV,403.2,8,"[0, 1, 1, 1, 1, 1, 1, 1, 1, 0]",404.76,316.26,431.26,223.99,751852.6
CX,11.06,6,"[0, 0, 0, 1, 1, 1, 1, 1, 1, 0]",12.18,11.81,13.52,8.49,7549610.9
INCY,120.16,10,"[1, 1, 1, 1, 1, 1, 1, 1, 1, 1]",113.85,102.85,129.93,81.66,1829218.6
KEP,11.77,2,"[0, 0, 0, 0, 0, 0, 0, 0, 1, 1]",12.18,15.73,23.26,11.32,1065527.85
APG,43.95,9,"[1, 1, 1, 0, 1, 1, 1, 1, 1, 1]",41.4,41.54,49.4,33.64,2851044.75
SNX,258.74,9,"[0, 1, 1, 1, 1, 1, 1, 1, 1, 1]",259.82,196.37,289.57,141.35,633693.0
CDE,18.81,6,"[1, 0, 1, 0, 1, 0, 1, 0, 1, 1]",16.39,18.53,27.12,11.25,38711410.0
RBC,560.49,7,"[0, 0, 1, 1, 1, 1, 1, 1, 1, 0]",593.02,538.03,648.89,369.71,228989.2
BURL,347.67,9,"[1, 1, 1, 1, 1, 1, 1, 1, 1, 0]",340.68,310.23,372.19,242.43,687749.15
ROKU,157.68,10,"[1, 1, 1, 1, 1, 1, 1, 1, 1, 1]",140.54,113.91,157.68,82.93,2601604.3
AMKR,58.99,6,"[0, 0, 1, 1, 1, 1, 1, 0, 1, 0]",67.98,54.81,93.55,22.8,5982507.55
RS,426.54,10,"[1, 1, 1, 1, 1, 1, 1, 1, 1, 1]",399.31,336.36,428.49,262.77,351156.95
BWXT,173.22,3,"[0, 0, 0, 0, 1, 0, 0, 0, 1, 1]",182.99,195.51,238.1,157.44,850133.1
ZTO,22.9,6,"[0, 0, 1, 0, 1, 1, 1, 1, 1, 0]",23.2,22.65,25.88,17.59,1772880.85
NXT,101.47,4,"[0, 0, 0, 0, 1, 1, 1, 0, 1, 0]",111.02,109.45,156.4,60.58,3084141.8
ITT,219.4,9,"[1, 1, 1, 0, 1, 1, 1, 1, 1, 1]",196.53,192.66,221.24,163.58,969053.95
FTV,61.62,9,"[1, 1, 1, 1, 1, 1, 1, 1, 1, 0]",61.2,57.31,64.09,46.82,2853113.45
IONQ,46.26,7,"[1, 1, 1, 1, 0, 0, 1, 0, 1, 1]",46.1,45.25,82.09,26.59,21224246.05
AGI,33.36,4,"[1, 0, 0, 0, 1, 0, 0, 0, 1, 1]",31.6,38.72,55.22,25.71,4905973.15
BCH,40.69,10,"[1, 1, 1, 1, 1, 1, 1, 1, 1, 1]",40.11,38.02,43.7,26.77,283050.45
YPF,50.05,10,"[1, 1, 1, 1, 1, 1, 1, 1, 1, 1]",49.9,42.15,56.35,23.57,1057909.7
CF,118.3,9,"[1, 1, 1, 1, 1, 1, 1, 1, 1, 0]",114.95,104.27,137.04,75.38,2261614.8
MGA,70.24,10,"[1, 1, 1, 1, 1, 1, 1, 1, 1, 1]",66.64,58.35,71.76,42.87,1324997.0
TLN,362.74,4,"[0, 1, 0, 1, 0, 0, 0, 1, 1, 0]",371.16,363.93,445.84,302.97,729996.55
LSCC,130.46,9,"[0, 1, 1, 1, 1, 1, 1, 1, 1, 1]",135.44,104.22,155.27,61.4,1981609.1
WMG,25.65,1,"[0, 0, 0, 0, 0, 0, 0, 0, 1, 0]",27.7,28.71,34.56,23.52,2225118.1
CIB,96.37,10,"[1, 1, 1, 1, 1, 1, 1, 1, 1, 1]",83.1,71.11,98.01,47.14,332382.65
WCC,361.55,10,"[1, 1, 1, 1, 1, 1, 1, 1, 1, 1]",344.08,302.34,374.1,204.76,654317.35
JBS,13.65,6,"[1, 0, 0, 0, 1, 1, 0, 1, 1, 1]",12.56,13.69,17.05,11.6,6062070.3
WSO,313.06,2,"[0, 0, 0, 0, 1, 0, 0, 0, 1, 0]",366.67,372.63,452.97,309.3,569581.7
DOCN,129.92,8,"[0, 1, 1, 1, 1, 1, 1, 0, 1, 1]",140.76,91.81,181.29,29.99,3422805.7
EWBC,136.6,10,"[1, 1, 1, 1, 1, 1, 1, 1, 1, 1]",130.33,116.47,136.6,91.94,685878.0
AA,49.98,5,"[0, 0, 0, 0, 1, 1, 1, 0, 1, 1]",52.75,56.47,83.63,29.1,5346322.8
PR,21.5,10,"[1, 1, 1, 1, 1, 1, 1, 1, 1, 1]",19.72,17.59,22.33,11.76,8541486.0
NVMI,418.12,4,"[0, 0, 0, 0, 1, 1, 1, 0, 1, 0]",469.34,434.31,605.65,237.16,548668.95
RTO,23.84,2,"[0, 0, 0, 0, 1, 0, 0, 0, 1, 0]",28.28,29.97,34.52,23.36,1766429.1
OWL,12.22,5,"[1, 1, 1, 0, 0, 0, 0, 0, 1, 1]",9.71,11.18,,,21457256.8
OVV,63.02,10,"[1, 1, 1, 1, 1, 1, 1, 1, 1, 1]",57.49,50.28,63.56,35.32,3527177.85
TTMI,140.0,8,"[0, 1, 1, 1, 1, 1, 1, 0, 1, 1]",157.23,116.22,221.47,40.06,3134716.7
BEN,33.86,10,"[1, 1, 1, 1, 1, 1, 1, 1, 1, 1]",33.08,27.2,35.77,20.39,4454192.1
IEX,238.94,10,"[1, 1, 1, 1, 1, 1, 1, 1, 1, 1]",225.47,200.0,240.52,156.95,716970.65
LAMR,155.47,8,"[0, 1, 1, 1, 1, 1, 1, 1, 1, 0]",156.32,136.67,164.33,111.93,702325.1
VNOM,42.29,4,"[0, 0, 1, 0, 1, 1, 0, 0, 1, 0]",42.65,41.47,,,1607463.75
GNRC,219.3,7,"[0, 0, 1, 1, 1, 1, 1, 0, 1, 1]",238.35,205.75,295.54,136.37,1192597.35
NDSN,308.72,10,"[1, 1, 1, 1, 1, 1, 1, 1, 1, 1]",295.01,271.31,311.36,210.67,289748.5
SN,185.1,10,"[1, 1, 1, 1, 1, 1, 1, 1, 1, 1]",150.49,120.76,188.59,84.57,1853181.8
H,180.98,8,"[0, 1, 1, 1, 1, 1, 1, 1, 1, 0]",188.67,167.11,202.09,135.06,910137.4
BALL,61.82,9,"[1, 1, 1, 1, 1, 1, 1, 1, 1, 0]",61.04,57.7,67.31,45.92,1900426.2
MLI,65.9,10,"[1, 1, 1, 1, 1, 1, 1, 1, 1, 1]",64.26,60.86,70.23,44.85,1231448.65
LOGI,103.09,6,"[0, 1, 1, 1, 0, 0, 0, 1, 1, 1]",104.19,102.22,126.69,85.84,1194034.3
CLH,321.98,10,"[1, 1, 1, 1, 1, 1, 1, 1, 1, 1]",301.26,274.75,326.34,201.73,492595.5
GMAB,31.94,7,"[1, 1, 1, 0, 0, 0, 1, 1, 1, 1]",27.9,29.02,35.34,23.31,2205358.45
PAA,23.9,10,"[1, 1, 1, 1, 1, 1, 1, 1, 1, 1]",22.78,20.08,24.57,14.64,2638851.5
NBIX,152.72,7,"[0, 1, 1, 1, 1, 1, 0, 1, 1, 0]",167.95,146.86,185.5,123.1,1470162.4
HST,22.9,8,"[0, 1, 1, 1, 1, 1, 1, 1, 1, 0]",23.83,19.73,25.54,14.52,10146685.7
JLL,375.0,9,"[1, 1, 1, 1, 0, 1, 1, 1, 1, 1]",326.96,321.34,375.0,280.16,355340.9
ASND,248.5,9,"[1, 1, 1, 1, 1, 1, 1, 1, 1, 0]",247.33,228.21,277.18,189.74,541307.85
LECO,286.87,9,"[1, 1, 1, 0, 1, 1, 1, 1, 1, 1]",263.42,256.69,297.02,218.56,444865.6
OKTA,147.43,9,"[1, 1, 1, 1, 1, 1, 1, 1, 1, 0]",135.2,96.65,154.95,62.93,2566201.1
HTHT,41.88,6,"[0, 0, 0, 0, 1, 1, 1, 1, 1, 1]",42.41,46.41,54.63,31.51,1476754.5
DTM,136.9,8,"[0, 1, 1, 1, 1, 1, 1, 1, 1, 0]",141.86,131.14,150.74,98.13,869211.55
MOD,209.5,6,"[0, 0, 1, 1, 1, 1, 1, 0, 1, 0]",240.54,207.35,306.89,119.68,1568277.15
RRX,175.49,5,"[0, 0, 0, 1, 1, 1, 1, 0, 1, 0]",207.79,185.13,238.19,127.98,1320035.25
BSAC,34.55,10,"[1, 1, 1, 1, 1, 1, 1, 1, 1, 1]",33.31,31.54,35.7,22.4,268549.3
JAZZ,244.96,9,"[1, 1, 1, 1, 1, 1, 1, 1, 1, 0]",243.02,197.19,261.62,117.67,816750.7
ONTO,331.71,10,"[1, 1, 1, 1, 1, 1, 1, 1, 1, 1]",300.29,229.62,378.45,101.95,1190046.4
OHI,46.53,7,"[0, 1, 1, 1, 1, 1, 0, 1, 1, 0]",47.41,44.84,51.03,37.16,1977743.4
SMMT,13.35,1,"[0, 0, 0, 0, 0, 0, 0, 0, 1, 0]",14.24,16.76,26.98,12.55,4237646.85
RMBS,100.85,4,"[0, 0, 0, 1, 1, 0, 1, 0, 1, 0]",114.48,109.04,170.66,69.68,2527819.7
AUR,6.99,10,"[1, 1, 1, 1, 1, 1, 1, 1, 1, 1]",6.42,5.24,8.4,3.77,25100501.8
NIO,4.52,1,"[0, 0, 0, 0, 0, 0, 0, 0, 1, 0]",4.9,5.4,7.89,4.44,24981803.95
HAS,96.7,9,"[1, 1, 1, 0, 1, 1, 1, 1, 1, 1]",86.17,87.53,104.36,69.25,2439947.7
LTM,52.26,5,"[0, 0, 0, 1, 1, 1, 0, 1, 1, 0]",53.85,52.69,68.29,41.47,698625.25
SUN,75.58,10,"[1, 1, 1, 1, 1, 1, 1, 1, 1, 1]",69.12,60.96,76.36,45.51,508434.45
QXO,14.51,2,"[0, 0, 0, 0, 0, 0, 0, 0, 1, 1]",15.44,19.42,27.07,13.3,19980664.0
AEIS,330.26,10,"[1, 1, 1, 1, 1, 1, 1, 1, 1, 1]",321.02,293.22,388.93,145.09,722707.95
ALLY,44.91,8,"[1, 1, 1, 1, 1, 1, 0, 1, 1, 0]",44.4,41.99,46.92,35.47,3259614.4
PL,24.69,5,"[0, 0, 0, 0, 1, 1, 1, 0, 1, 1]",26.47,26.34,51.4,6.38,6233747.95
EVR,307.38,5,"[0, 0, 0, 1, 1, 1, 0, 1, 1, 0]",337.66,329.79,381.16,266.5,566887.2
SKM,38.51,10,"[1, 1, 1, 1, 1, 1, 1, 1, 1, 1]",34.21,29.72,46.0,19.68,2493887.75
TIGO,93.89,9,"[1, 1, 1, 1, 1, 1, 1, 1, 1, 0]",92.37,71.28,104.31,40.36,1437338.3
SANM,210.84,8,"[0, 1, 1, 1, 1, 1, 1, 0, 1, 1]",220.7,180.54,282.72,109.61,853384.2
IESC,756.18,10,"[1, 1, 1, 1, 1, 1, 1, 1, 1, 1]",688.78,538.4,784.03,321.59,187708.0
BBIO,79.86,9,"[1, 1, 1, 1, 1, 1, 1, 1, 1, 0]",76.83,72.61,90.17,47.29,2006321.5
TOL,148.27,7,"[0, 1, 1, 1, 1, 1, 0, 1, 1, 0]",150.87,143.18,165.52,123.92,796384.55
DINO,93.67,10,"[1, 1, 1, 1, 1, 1, 1, 1, 1, 1]",78.77,61.41,93.67,42.77,3021982.1
NYT,64.79,4,"[0, 0, 0, 0, 1, 1, 0, 1, 1, 0]",72.09,72.66,85.59,54.2,2347622.1
DY,419.07,9,"[0, 1, 1, 1, 1, 1, 1, 1, 1, 1]",437.42,390.16,535.2,245.31,402334.3
RBRK,102.23,9,"[1, 1, 1, 1, 0, 1, 1, 1, 1, 1]",79.22,67.2,105.09,43.81,2793047.2
DVA,180.06,7,"[0, 1, 1, 1, 1, 1, 1, 0, 1, 0]",216.24,159.86,240.96,103.87,1038220.6
GH,157.21,10,"[1, 1, 1, 1, 1, 1, 1, 1, 1, 1]",148.81,111.56,170.77,54.79,2068414.2
PEN,327.02,8,"[1, 0, 1, 0, 1, 1, 1, 1, 1, 1]",319.47,318.93,359.4,225.54,347199.85
BMNR,18.08,4,"[1, 0, 0, 0, 0, 0, 1, 0, 1, 1]",16.27,23.67,63.2,13.31,31488635.45
SWK,102.07,10,"[1, 1, 1, 1, 1, 1, 1, 1, 1, 1]",90.74,78.61,104.0,60.08,2171417.65
ENLT,85.44,8,"[0, 1, 1, 1, 1, 1, 1, 1, 1, 0]",87.91,69.15,107.42,26.03,198762.3
OKLO,44.38,2,"[0, 0, 0, 0, 0, 0, 0, 0, 1, 1]",49.02,70.48,174.14,36.84,9809701.5
BWA,68.66,10,"[1, 1, 1, 1, 1, 1, 1, 1, 1, 1]",67.29,55.85,77.03,40.58,2197110.45
APA,40.47,10,"[1, 1, 1, 1, 1, 1, 1, 1, 1, 1]",35.42,31.72,43.79,19.56,5584756.55
IONS,57.24,3,"[0, 0, 0, 0, 0, 0, 1, 0, 1, 1]",65.49,74.34,86.5,41.82,2842702.1
HL,18.37,6,"[1, 0, 0, 0, 1, 1, 1, 0, 1, 1]",15.62,18.47,31.8,7.43,41593286.45
HII,327.71,5,"[1, 0, 0, 0, 1, 1, 0, 0, 1, 1]",295.23,347.26,451.78,260.99,548835.5
SOLS,62.65,4,"[0, 0, 0, 0, 1, 0, 1, 0, 1, 1]",70.47,66.88,88.6,41.35,3084182.35
FIVE,244.54,9,"[1, 1, 1, 0, 1, 1, 1, 1, 1, 1]",201.49,201.0,247.71,135.03,1023190.6
U,46.25,8,"[1, 1, 1, 1, 0, 0, 1, 1, 1, 1]",31.63,31.64,49.47,17.13,12143486.25
IVZ,32.55,8,"[1, 1, 1, 1, 1, 1, 0, 0, 1, 1]",29.06,26.35,,,5079057.5
NTNX,66.61,8,"[1, 1, 1, 1, 0, 0, 1, 1, 1, 1]",54.55,49.0,81.12,34.41,2491661.7
MEDP,578.5,9,"[1, 1, 1, 1, 0, 1, 1, 1, 1, 1]",531.06,519.8,620.59,393.42,361189.95
EXEL,51.24,8,"[0, 1, 1, 1, 1, 1, 1, 1, 1, 0]",54.14,46.54,57.1,34.54,2691081.4
ALGN,181.31,10,"[1, 1, 1, 1, 1, 1, 1, 1, 1, 1]",175.38,168.77,197.51,124.88,933311.7
WLK,79.55,5,"[1, 0, 0, 0, 1, 0, 1, 0, 1, 1]",78.03,86.72,122.65,55.28,1202127.6
SAIA,384.32,7,"[0, 0, 1, 1, 1, 1, 1, 1, 1, 0]",418.65,379.44,487.14,250.48,532714.5
MP,58.74,6,"[1, 1, 1, 0, 0, 0, 1, 0, 1, 1]",51.83,57.87,98.65,38.1,7363040.95
VIAV,43.54,10,"[1, 1, 1, 1, 1, 1, 1, 1, 1, 1]",43.47,33.25,55.33,10.55,5144090.75
AAOI,150.28,9,"[1, 1, 1, 1, 1, 1, 1, 0, 1, 1]",133.94,94.99,223.1,19.49,12128360.4
PINS,24.06,7,"[1, 1, 1, 1, 0, 0, 1, 0, 1, 1]",22.31,22.48,37.95,15.42,11729108.85
AIZ,282.38,10,"[1, 1, 1, 1, 1, 1, 1, 1, 1, 1]",273.12,239.92,301.57,203.12,380537.05
WBS,79.0,10,"[1, 1, 1, 1, 1, 1, 1, 1, 1, 1]",75.83,68.59,79.07,52.87,4911006.35
ELAN,23.67,7,"[0, 0, 1, 1, 1, 1, 1, 1, 1, 0]",24.58,23.57,26.84,17.35,8263645.75
GLXY,21.66,3,"[0, 0, 0, 1, 0, 0, 0, 0, 1, 1]",25.54,25.66,42.86,16.84,6675473.95
APLD,31.2,5,"[0, 0, 0, 1, 1, 0, 1, 0, 1, 1]",34.11,32.43,49.65,13.89,20134438.05
MDGL,507.56,6,"[0, 1, 0, 1, 0, 1, 1, 1, 1, 0]",518.23,511.28,602.83,369.84,379249.85
VICR,234.74,7,"[0, 1, 1, 1, 1, 1, 1, 0, 1, 0]",265.64,194.15,379.78,46.49,898165.95
COKE,189.11,10,"[1, 1, 1, 1, 1, 1, 1, 1, 1, 1]",184.1,175.28,216.33,111.2,488600.25
LFUS,457.57,10,"[1, 1, 1, 1, 1, 1, 1, 1, 1, 1]",440.72,357.4,489.1,234.04,340866.65
FORM,131.6,10,"[1, 1, 1, 1, 1, 1, 1, 1, 1, 1]",122.25,97.76,159.93,27.85,1355607.2
AAON,87.8,3,"[0, 0, 0, 1, 1, 0, 0, 0, 1, 0]",111.61,99.95,148.15,73.35,1273481.25
TFII,146.64,8,"[0, 1, 1, 1, 1, 1, 1, 1, 1, 0]",147.24,121.62,162.83,80.09,351020.15
AIT,361.95,10,"[1, 1, 1, 1, 1, 1, 1, 1, 1, 1]",336.14,289.99,361.95,239.8,251629.15
SMTC,140.35,9,"[0, 1, 1, 1, 1, 1, 1, 1, 1, 1]",141.15,102.56,174.73,48.47,2016234.75
WULF,17.38,5,"[0, 0, 0, 1, 1, 1, 1, 0, 1, 0]",21.66,17.73,28.98,8.78,32350853.4
POWL,213.48,6,"[0, 0, 1, 1, 1, 1, 1, 0, 1, 0]",248.58,195.35,321.94,82.04,726119.6
TIMB,17.35,2,"[0, 0, 0, 0, 1, 0, 0, 0, 1, 0]",20.78,22.86,27.75,17.31,552670.35
AXSM,213.67,8,"[0, 1, 1, 1, 1, 1, 1, 1, 1, 0]",235.26,189.05,255.17,109.21,739524.7
WMS,150.91,7,"[1, 1, 1, 0, 1, 1, 0, 1, 1, 0]",144.02,147.56,174.94,129.5,755218.35
HMY,19.44,7,"[1, 1, 1, 0, 0, 0, 1, 1, 1, 1]",16.21,17.77,25.55,12.37,2767283.3
HUT,85.44,7,"[0, 1, 1, 1, 1, 1, 1, 0, 1, 0]",106.16,72.26,133.02,21.37,4898006.8
IAG,18.3,8,"[1, 1, 1, 0, 1, 1, 1, 0, 1, 1]",15.86,17.23,24.57,7.96,5874641.8
CGNX,65.63,8,"[1, 1, 1, 1, 1, 1, 0, 0, 1, 1]",64.7,51.89,,,2349910.35
KTOS,64.58,4,"[1, 0, 0, 0, 0, 0, 1, 0, 1, 1]",52.73,73.65,130.72,43.88,3927023.05
JEF,55.14,8,"[0, 1, 1, 1, 0, 1, 1, 1, 1, 1]",55.85,53.15,68.8,35.74,1905922.55
AG,19.26,7,"[1, 0, 1, 0, 1, 1, 1, 0, 1, 1]",17.09,19.04,31.98,8.35,10638123.7
EMBJ,75.38,9,"[1, 1, 1, 0, 1, 1, 1, 1, 1, 1]",64.89,64.95,79.6,53.63,1309385.2
ESI,38.81,9,"[0, 1, 1, 1, 1, 1, 1, 1, 1, 1]",40.81,34.32,49.09,22.82,4576840.2
JOBY,7.92,2,"[0, 0, 0, 0, 0, 0, 0, 0, 1, 1]",8.39,10.98,19.57,6.65,41178714.8
MUSA,569.12,8,"[0, 1, 1, 1, 1, 1, 1, 1, 1, 0]",577.81,478.21,622.78,355.19,299106.5
BTSG,61.71,8,"[0, 1, 1, 1, 1, 1, 1, 1, 1, 0]",66.23,48.11,72.91,22.44,3148377.9
GSAT,82.39,10,"[1, 1, 1, 1, 1, 1, 1, 1, 1, 1]",80.9,70.04,84.43,24.92,1024145.65
GMED,85.9,9,"[1, 1, 1, 0, 1, 1, 1, 1, 1, 1]",79.86,84.97,96.82,55.1,1493645.3
BEP,34.75,10,"[1, 1, 1, 1, 1, 1, 1, 1, 1, 1]",33.81,31.3,37.09,24.04,1149777.05
KNX,72.42,8,"[0, 1, 1, 1, 1, 1, 1, 1, 1, 0]",74.69,61.24,82.45,38.58,3888125.35
ALSN,125.87,9,"[1, 1, 1, 0, 1, 1, 1, 1, 1, 1]",117.89,110.98,135.66,78.62,867031.95
SNAP,5.41,4,"[1, 0, 0, 0, 0, 0, 1, 0, 1, 1]",4.92,6.04,9.09,3.93,39247611.7
ARWR,86.64,10,"[1, 1, 1, 1, 1, 1, 1, 1, 1, 1]",81.02,67.66,89.59,19.86,1810926.3
WTFC,162.47,9,"[1, 1, 1, 1, 1, 1, 1, 1, 1, 0]",159.08,145.94,166.33,118.51,670214.45
AES,14.73,9,"[1, 1, 1, 1, 1, 1, 0, 1, 1, 1]",14.58,14.21,16.87,11.92,6444831.75
SPXC,217.32,8,"[0, 1, 1, 1, 1, 1, 0, 1, 1, 1]",222.96,215.37,246.41,180.71,504163.7
VFS,3.17,4,"[1, 0, 0, 0, 1, 0, 0, 0, 1, 1]",3.12,3.42,4.76,2.81,353895.35
AHR,54.31,9,"[1, 1, 1, 1, 1, 1, 1, 1, 1, 0]",52.51,49.61,57.72,39.57,2526569.9
DAR,67.04,10,"[1, 1, 1, 1, 1, 1, 1, 1, 1, 1]",59.13,51.12,67.04,29.91,2182738.95
FCFS,214.75,9,"[0, 1, 1, 1, 1, 1, 1, 1, 1, 1]",214.76,191.56,232.57,135.6,459505.1
UMBF,152.04,10,"[1, 1, 1, 1, 1, 1, 1, 1, 1, 1]",141.86,124.57,152.04,102.87,626633.7
ARW,213.99,9,"[0, 1, 1, 1, 1, 1, 1, 1, 1, 1]",214.45,162.17,234.83,101.87,587989.0
MOG-A,441.21,10,"[1, 1, 1, 1, 1, 1, 1, 1, 1, 1]",405.19,314.68,441.21,189.86,297537.7
HBM,26.69,10,"[1, 1, 1, 1, 1, 1, 1, 1, 1, 1]",24.39,22.58,31.86,10.81,5352618.0
MGM,44.1,8,"[0, 1, 1, 1, 1, 1, 1, 1, 1, 0]",46.4,38.8,50.69,30.72,2438601.1
VMI,495.25,8,"[0, 1, 1, 1, 1, 1, 1, 1, 1, 0]",526.98,461.79,582.78,361.39,219511.2
ABVX,118.96,8,"[0, 1, 1, 1, 1, 1, 1, 1, 1, 0]",119.41,118.31,145.31,68.96,930927.65
CTRE,38.77,6,"[0, 0, 1, 1, 1, 1, 0, 1, 1, 0]",40.01,38.11,43.4,31.94,2020387.9
MOH,212.43,9,"[1, 1, 1, 1, 1, 1, 1, 1, 1, 0]",210.17,173.38,242.88,122.65,1411801.0
BPOP,177.87,10,"[1, 1, 1, 1, 1, 1, 1, 1, 1, 1]",168.07,140.73,177.87,107.38,442075.7
SNEX,67.1,7,"[0, 1, 1, 1, 1, 1, 1, 0, 1, 0]",78.29,59.74,92.67,37.2,1079073.65
CYTK,74.13,8,"[0, 1, 1, 1, 1, 1, 1, 1, 1, 0]",78.84,68.83,87.26,35.33,1900155.15
VSAT,82.87,10,"[1, 1, 1, 1, 1, 1, 1, 1, 1, 1]",73.49,54.55,89.81,25.97,2052524.8
ICLR,163.15,7,"[1, 1, 1, 1, 0, 0, 1, 1, 1, 0]",162.18,147.11,202.92,80.08,858478.95
AGX,578.22,8,"[0, 1, 1, 1, 1, 1, 1, 0, 1, 1]",639.93,501.43,797.9,202.87,290627.25
CAMT,165.38,9,"[1, 1, 1, 0, 1, 1, 1, 1, 1, 1]",158.29,149.75,207.46,76.73,565331.2
SBSW,10.77,5,"[1, 0, 0, 0, 1, 0, 1, 0, 1, 1]",9.25,12.4,20.52,7.06,4833051.5
ELPC,10.46,6,"[0, 0, 0, 1, 1, 1, 1, 1, 1, 0]",11.52,10.97,13.39,7.88,443468.95
TTC,98.38,10,"[1, 1, 1, 1, 1, 1, 1, 1, 1, 1]",94.18,88.78,100.89,67.07,512213.9
R,263.96,8,"[0, 1, 1, 1, 1, 1, 1, 1, 1, 0]",266.49,219.2,280.34,158.04,334953.25
CAVA,74.42,8,"[1, 0, 1, 0, 1, 1, 1, 1, 1, 1]",72.62,70.82,97.39,43.59,4176815.8
PRAX,366.81,9,"[1, 1, 1, 0, 1, 1, 1, 1, 1, 1]",309.88,293.38,386.33,37.71,403804.7
ZION,72.2,8,"[1, 1, 1, 1, 1, 1, 0, 0, 1, 1]",68.7,60.25,,,1583760.45
SIRI,28.46,8,"[0, 1, 1, 1, 1, 1, 1, 1, 1, 0]",29.15,24.05,32.3,19.3,4333668.45
RIOT,19.01,7,"[0, 0, 1, 1, 1, 1, 1, 0, 1, 1]",23.14,18.5,28.69,11.33,23444722.7
FLS,80.87,9,"[1, 1, 1, 0, 1, 1, 1, 1, 1, 1]",74.63,74.81,91.49,48.65,1916271.0
ALGM,44.39,7,"[0, 1, 1, 1, 1, 1, 1, 0, 1, 0]",50.19,38.69,69.62,22.8,2225948.3
GDS,34.41,4,"[1, 0, 0, 0, 1, 0, 0, 0, 1, 1]",32.3,37.84,47.52,29.02,1806463.7
KRYS,332.27,8,"[0, 1, 1, 1, 1, 1, 1, 1, 1, 0]",341.59,278.12,378.15,137.46,603319.15
EGO,39.73,9,"[1, 1, 1, 0, 1, 1, 1, 1, 1, 1]",32.23,34.59,49.52,21.95,2630058.2
GGB,4.74,10,"[1, 1, 1, 1, 1, 1, 1, 1, 1, 1]",4.6,4.11,5.14,2.85,13201020.8
MXL,84.84,9,"[1, 1, 1, 1, 1, 1, 1, 0, 1, 1]",82.71,43.69,128.03,13.05,3802455.75
IBRX,7.57,7,"[0, 1, 1, 1, 1, 1, 1, 0, 1, 0]",7.65,6.16,11.55,1.98,8735946.3
AAL,14.83,7,"[0, 1, 1, 1, 0, 1, 1, 1, 1, 0]",15.73,13.89,18.15,10.18,69557711.05
DDS,560.88,4,"[0, 0, 0, 0, 0, 1, 0, 1, 1, 1]",574.59,600.11,699.51,475.88,144506.55
FRO,41.21,10,"[1, 1, 1, 1, 1, 1, 1, 1, 1, 1]",37.97,30.78,42.88,17.17,1793905.35
CRUS,121.09,3,"[0, 0, 0, 0, 1, 1, 0, 0, 1, 0]",144.27,140.83,178.9,111.06,783338.8
BVN,33.74,8,"[1, 0, 1, 0, 1, 1, 1, 1, 1, 1]",31.48,31.66,42.44,17.68,767549.6
W,101.63,9,"[1, 1, 1, 1, 0, 1, 1, 1, 1, 1]",88.93,88.31,119.05,57.4,4037971.1
LUMN,6.72,3,"[0, 0, 0, 0, 0, 0, 1, 0, 1, 1]",7.15,8.02,11.83,4.31,13777680.55
LLYVK,108.86,10,"[1, 1, 1, 1, 1, 1, 1, 1, 1, 1]",101.89,93.03,108.86,77.33,298661.0
LLYVA,104.99,10,"[1, 1, 1, 1, 1, 1, 1, 1, 1, 1]",98.26,90.35,104.99,74.85,143648.25
LEVI,22.55,7,"[0, 1, 1, 1, 1, 1, 0, 1, 1, 0]",23.92,21.63,25.53,17.69,2129792.75
COLB,32.69,9,"[1, 1, 1, 1, 1, 1, 1, 1, 1, 0]",31.55,28.92,33.61,23.18,3009290.25
OSK,152.89,9,"[1, 1, 1, 0, 1, 1, 1, 1, 1, 1]",144.67,142.28,176.5,117.24,916762.55
MTCH,37.95,9,"[1, 1, 1, 1, 1, 1, 1, 1, 1, 0]",37.37,33.73,41.24,28.57,2985465.1
FR,62.87,8,"[0, 1, 1, 1, 1, 1, 1, 1, 1, 0]",64.02,59.79,68.86,46.92,978496.85
CRL,280.05,10,"[1, 1, 1, 1, 1, 1, 1, 1, 1, 1]",223.88,191.34,284.37,145.57,948866.55
FROG,96.17,10,"[1, 1, 1, 1, 1, 1, 1, 1, 1, 1]",85.39,62.56,98.1,34.75,2442400.85
ZWS,50.97,9,"[1, 1, 1, 1, 1, 1, 0, 1, 1, 1]",49.13,48.07,53.18,43.6,1029208.25
SIMO,268.9,9,"[0, 1, 1, 1, 1, 1, 1, 1, 1, 1]",280.27,172.0,336.22,72.66,1341777.5
ENS,203.4,9,"[0, 1, 1, 1, 1, 1, 1, 1, 1, 1]",206.88,181.5,243.06,96.94,503442.3
PRMB,24.7,9,"[1, 1, 1, 1, 1, 1, 1, 1, 1, 0]",23.93,20.28,25.39,14.21,4174591.35
EMN,74.07,9,"[1, 1, 1, 0, 1, 1, 1, 1, 1, 1]",70.4,68.58,79.49,54.37,1192068.55
CIFR,17.85,6,"[0, 0, 0, 1, 1, 1, 1, 0, 1, 1]",22.15,18.61,29.18,5.21,34993720.85
QBTS,21.17,6,"[1, 1, 0, 1, 0, 0, 1, 0, 1, 1]",21.13,22.38,44.78,12.98,18439024.2
ECG,141.04,9,"[0, 1, 1, 1, 1, 1, 1, 1, 1, 1]",141.92,118.66,169.16,74.17,585154.5
FIGR,31.43,3,"[1, 0, 0, 0, 0, 0, 0, 0, 1, 1]",29.21,37.07,73.91,24.91,3684190.35
ICL,5.55,6,"[1, 1, 1, 0, 0, 0, 0, 1, 1, 1]",5.24,5.41,6.76,4.72,1097297.75
TKR,133.5,8,"[0, 1, 1, 1, 1, 1, 1, 1, 1, 0]",137.24,107.36,145.32,70.03,997849.45
SSL,11.53,10,"[1, 1, 1, 1, 1, 1, 1, 1, 1, 1]",11.27,9.8,14.29,5.33,1076993.7
KRMN,62.01,5,"[1, 0, 0, 0, 1, 0, 1, 0, 1, 1]",50.49,73.71,115.29,44.84,3158335.75
BOKF,146.07,10,"[1, 1, 1, 1, 1, 1, 1, 1, 1, 1]",138.66,127.58,146.07,102.17,255799.45
NXE,10.39,6,"[1, 0, 0, 0, 1, 1, 1, 0, 1, 1]",9.76,10.68,13.92,6.46,4942809.35
NE,45.1,9,"[1, 1, 1, 0, 1, 1, 1, 1, 1, 1]",41.89,39.98,53.79,25.2,1604512.65
AMG,374.37,10,"[1, 1, 1, 1, 1, 1, 1, 1, 1, 1]",356.88,306.21,383.41,216.82,270991.9
IDA,142.61,7,"[0, 1, 1, 1, 1, 1, 0, 1, 1, 0]",145.02,137.12,153.61,120.49,492879.25
VIRT,60.02,10,"[1, 1, 1, 1, 1, 1, 1, 1, 1, 1]",58.92,45.11,66.82,31.82,1054656.65
MSGS,407.17,10,"[1, 1, 1, 1, 1, 1, 1, 1, 1, 1]",389.68,314.53,414.12,195.53,198015.6
ROAD,121.55,7,"[1, 1, 1, 0, 1, 0, 0, 1, 1, 1]",110.04,114.87,140.48,93.51,1380054.6
CMC,71.63,9,"[1, 1, 1, 0, 1, 1, 1, 1, 1, 1]",69.65,68.75,82.67,54.7,1038108.9
JXN,135.32,10,"[1, 1, 1, 1, 1, 1, 1, 1, 1, 1]",116.36,108.33,135.32,88.37,583235.85
ESE,305.86,8,"[0, 1, 1, 1, 1, 1, 1, 1, 1, 0]",323.11,272.3,354.82,184.98,194965.2
GKOS,184.53,10,"[1, 1, 1, 1, 1, 1, 1, 1, 1, 1]",149.27,121.62,189.45,74.67,900088.45
CWEN,34.14,5,"[0, 0, 0, 0, 1, 1, 0, 1, 1, 1]",34.75,35.81,41.26,26.9,1174102.75
CIG,1.93,3,"[0, 0, 0, 0, 1, 1, 0, 0, 1, 0]",2.09,2.11,2.62,1.78,4674509.4
MBLY,8.92,5,"[1, 1, 0, 1, 0, 0, 1, 0, 1, 0]",8.89,9.55,15.54,6.56,7084089.5
KNTK,53.44,10,"[1, 1, 1, 1, 1, 1, 1, 1, 1, 1]",48.25,42.38,53.44,30.05,1020490.65
CHRD,137.32,10,"[1, 1, 1, 1, 1, 1, 1, 1, 1, 1]",128.72,115.52,148.35,82.2,790793.9
MIDD,117.91,6,"[0, 0, 0, 1, 1, 1, 1, 1, 1, 0]",132.51,119.57,144.17,89.85,563474.9
PCVX,58.07,9,"[1, 1, 1, 0, 1, 1, 1, 1, 1, 1]",54.67,52.79,63.04,30.25,957955.1
KEX,138.62,8,"[0, 1, 1, 1, 1, 1, 1, 1, 1, 0]",139.1,129.69,152.59,79.95,563495.25
HALO,98.66,10,"[1, 1, 1, 1, 1, 1, 1, 1, 1, 1]",79.56,71.25,103.12,61.63,2335279.1
YOU,45.45,6,"[0, 0, 1, 1, 1, 1, 1, 0, 1, 0]",53.56,45.28,62.18,29.2,1538075.05
ORA,114.76,5,"[1, 0, 0, 0, 1, 0, 0, 1, 1, 1]",114.46,115.61,145.1,89.35,894956.6
VLY,15.01,10,"[1, 1, 1, 1, 1, 1, 1, 1, 1, 1]",14.51,12.76,15.19,9.33,6877461.35
VFC,14.87,3,"[0, 0, 0, 0, 1, 1, 0, 0, 1, 0]",16.41,17.51,21.44,12.58,8757242.3
WFRD,94.79,8,"[1, 0, 1, 0, 1, 1, 1, 1, 1, 1]",88.5,90.22,111.07,54.64,1224946.45
CORZ,20.18,6,"[0, 0, 1, 1, 1, 1, 1, 0, 1, 0]",23.85,19.81,29.16,13.55,14030747.45
TEX,67.92,10,"[1, 1, 1, 1, 1, 1, 1, 1, 1, 1]",66.23,59.58,74.39,41.45,1395844.6
SOBO,36.79,9,"[1, 1, 1, 1, 1, 1, 1, 1, 1, 0]",36.49,31.51,38.67,24.54,482088.4
FAF,73.86,10,"[1, 1, 1, 1, 1, 1, 1, 1, 1, 1]",70.65,65.35,79.16,56.38,748410.95
IDCC,343.65,7,"[1, 1, 1, 0, 0, 0, 1, 1, 1, 1]",284.85,319.99,393.78,250.11,251668.35
OR,33.36,4,"[1, 0, 0, 0, 1, 0, 0, 0, 1, 1]",31.57,36.38,47.56,28.05,972673.0
HXL,104.07,10,"[1, 1, 1, 1, 1, 1, 1, 1, 1, 1]",100.44,86.44,110.09,60.24,1097348.7
OGC,28.6,6,"[1, 0, 0, 0, 1, 1, 1, 0, 1, 1]",25.44,29.64,42.39,16.18,490689.65
SLAB,218.41,10,"[1, 1, 1, 1, 1, 1, 1, 1, 1, 1]",218.27,187.23,220.34,116.08,252845.6
RIG,5.76,8,"[1, 0, 1, 0, 1, 1, 1, 1, 1, 1]",5.37,5.42,7.58,2.8,46005300.25
PLXS,267.41,9,"[0, 1, 1, 1, 1, 1, 1, 1, 1, 1]",272.06,213.84,303.82,128.72,318822.0
GGAL,43.37,4,"[0, 0, 0, 1, 0, 1, 1, 0, 1, 0]",50.17,48.26,58.69,25.36,766324.75
SSRM,32.19,9,"[1, 1, 1, 0, 1, 1, 1, 1, 1, 1]",28.39,26.96,35.74,16.09,3156089.35
LTH,45.26,10,"[1, 1, 1, 1, 1, 1, 1, 1, 1, 1]",40.53,31.0,45.7,24.59,3209086.5
KYMR,117.39,10,"[1, 1, 1, 1, 1, 1, 1, 1, 1, 1]",103.33,84.4,119.35,40.69,556150.2
SM,33.75,10,"[1, 1, 1, 1, 1, 1, 1, 1, 1, 1]",29.95,25.21,34.57,17.3,3763453.4
LEA,124.95,7,"[0, 0, 1, 1, 1, 1, 1, 1, 1, 0]",136.17,124.71,148.68,94.98,732772.05
HR,19.25,1,"[0, 0, 0, 0, 0, 0, 0, 0, 1, 0]",,,,,3622574.6
RHP,125.52,8,"[0, 1, 1, 1, 1, 1, 1, 1, 1, 0]",125.95,103.52,135.99,82.97,923818.65
NOV,21.14,10,"[1, 1, 1, 1, 1, 1, 1, 1, 1, 1]",19.64,18.36,21.36,11.88,3574384.9
DBX,34.42,9,"[1, 1, 1, 1, 0, 1, 1, 1, 1, 1]",29.62,27.26,35.93,22.06,4492706.85
TFPM,31.47,5,"[1, 0, 0, 0, 1, 0, 0, 1, 1, 1]",29.38,32.78,41.23,24.79,494623.7
AUGO,76.02,8,"[1, 1, 1, 0, 1, 1, 1, 0, 1, 1]",61.11,63.8,108.01,26.75,809161.3
MTDR,53.69,9,"[1, 1, 1, 0, 1, 1, 1, 1, 1, 1]",51.04,49.6,64.51,36.03,2252403.6
MYRG,334.39,6,"[0, 0, 1, 1, 1, 1, 1, 0, 1, 0]",406.14,317.08,501.13,173.81,311783.75
AVT,95.71,10,"[1, 1, 1, 1, 1, 1, 1, 1, 1, 1]",89.03,68.22,97.4,43.64,1200412.25
LGN,66.38,6,"[0, 0, 1, 1, 1, 1, 1, 0, 1, 0]",74.46,60.95,102.27,29.72,1461282.55
BRKR,57.7,8,"[0, 1, 1, 1, 1, 1, 1, 1, 1, 0]",58.31,46.6,64.34,29.21,2467644.45
SGHC,13.3,8,"[0, 1, 1, 1, 1, 1, 1, 1, 1, 0]",13.96,11.88,15.59,8.45,2494233.4
STEP,50.4,3,"[1, 0, 0, 0, 0, 0, 0, 0, 1, 1]",44.11,53.32,74.4,39.54,1468760.4
UGP,6.16,9,"[1, 1, 1, 1, 1, 1, 1, 1, 1, 0]",5.64,5.05,6.56,3.15,3253693.65
VAL,85.62,9,"[1, 1, 1, 0, 1, 1, 1, 1, 1, 1]",80.08,77.32,113.42,44.25,1089578.95
BLSH,24.39,2,"[0, 0, 0, 0, 0, 0, 0, 0, 1, 1]",24.6,35.17,70.82,21.79,1597383.9
TGTX,48.74,8,"[0, 1, 1, 1, 1, 1, 1, 1, 1, 0]",51.96,37.4,59.06,26.94,2253490.45
MIRM,100.64,7,"[0, 0, 1, 1, 1, 1, 1, 1, 1, 0]",109.86,93.8,128.57,64.1,751898.8
ST,46.23,9,"[0, 1, 1, 1, 1, 1, 1, 1, 1, 1]",47.04,39.2,53.41,28.29,1661763.1
NPO,343.34,10,"[1, 1, 1, 1, 1, 1, 1, 1, 1, 1]",338.46,274.26,387.65,201.81,208607.2
PAYC,218.13,8,"[1, 1, 1, 1, 0, 0, 1, 1, 1, 1]",150.6,144.53,231.71,113.28,1014961.15
SYRE,103.63,10,"[1, 1, 1, 1, 1, 1, 1, 1, 1, 1]",93.76,56.4,105.33,14.82,796892.15
SWX,92.6,9,"[1, 1, 1, 1, 1, 1, 0, 1, 1, 1]",90.38,85.82,93.37,74.73,466292.0
COMP,13.02,10,"[1, 1, 1, 1, 1, 1, 1, 1, 1, 1]",11.03,9.9,13.58,6.68,11549880.35
AROC,34.69,7,"[0, 0, 1, 1, 1, 1, 1, 1, 1, 0]",36.43,32.15,41.68,22.6,1707445.15
AXTI,81.64,9,"[1, 1, 1, 1, 1, 1, 1, 0, 1, 1]",69.19,50.25,140.83,2.05,12075720.3
RSI,25.58,7,"[0, 1, 1, 1, 1, 1, 1, 0, 1, 0]",29.63,22.88,34.52,15.89,3031993.6
RYTM,115.48,9,"[1, 1, 1, 1, 0, 1, 1, 1, 1, 1]",104.13,99.16,117.62,75.82,710536.2
HIMS,28.15,4,"[0, 1, 0, 1, 0, 0, 1, 0, 1, 0]",31.74,29.26,62.76,14.52,15315412.05
PTGX,155.1,10,"[1, 1, 1, 1, 1, 1, 1, 1, 1, 1]",127.82,100.43,155.1,56.04,516111.8
ACA,145.4,10,"[1, 1, 1, 1, 1, 1, 1, 1, 1, 1]",140.78,119.58,145.4,88.99,716046.45
FNB,19.48,10,"[1, 1, 1, 1, 1, 1, 1, 1, 1, 1]",18.83,17.41,19.49,14.33,4624766.15
FLY,26.67,5,"[1, 0, 0, 0, 1, 0, 1, 0, 1, 1]",26.14,27.45,58.81,16.78,3379315.1
CELC,92.0,5,"[0, 0, 0, 0, 1, 1, 1, 0, 1, 1]",93.58,105.14,144.98,45.22,1097755.4
ENIC,4.53,10,"[1, 1, 1, 1, 1, 1, 1, 1, 1, 1]",4.42,4.11,4.66,3.26,526757.85
INGM,28.55,3,"[0, 0, 0, 0, 0, 0, 1, 1, 1, 0]",,,31.54,18.78,891751.35
LUNR,19.01,6,"[1, 0, 0, 0, 1, 1, 1, 0, 1, 1]",18.58,19.31,45.7,8.05,10473452.75
RGTI,18.82,5,"[1, 1, 0, 0, 0, 0, 1, 0, 1, 1]",17.8,20.62,56.34,12.9,20895116.25
CLF,11.9,7,"[1, 1, 1, 1, 0, 0, 1, 0, 1, 1]",11.29,11.39,16.18,7.82,25066913.7
CE,45.66,3,"[0, 0, 0, 0, 1, 1, 0, 0, 1, 0]",47.3,50.19,69.19,35.47,2087211.6
APGE,134.55,10,"[1, 1, 1, 1, 1, 1, 1, 1, 1, 1]",122.5,86.53,134.84,36.02,1192293.95
LSTR,190.19,8,"[0, 1, 1, 1, 1, 1, 1, 1, 1, 0]",202.51,167.02,225.37,118.1,548769.25
GVA,127.1,7,"[0, 0, 1, 1, 1, 1, 0, 1, 1, 1]",134.12,124.64,160.26,98.2,957565.3
VIST,68.31,10,"[1, 1, 1, 1, 1, 1, 1, 1, 1, 1]",67.11,61.0,79.25,33.7,869957.45
KGS,65.35,8,"[0, 1, 1, 1, 1, 1, 1, 1, 1, 0]",65.8,53.52,76.27,32.02,1726820.3
URBN,77.81,9,"[1, 1, 1, 1, 0, 1, 1, 1, 1, 1]",73.66,70.89,82.7,59.57,927043.35
PTCT,71.7,5,"[0, 0, 0, 1, 0, 1, 1, 1, 1, 0]",77.27,73.31,89.55,48.82,1201887.3
ETSY,79.9,9,"[1, 1, 1, 1, 1, 1, 1, 1, 1, 0]",78.05,62.38,86.47,44.05,2919187.55
LNTH,100.95,8,"[0, 1, 1, 1, 1, 1, 1, 1, 1, 0]",104.02,80.55,110.94,50.11,1798130.3
VNO,39.0,8,"[1, 1, 1, 1, 0, 1, 1, 1, 1, 0]",38.9,33.15,42.04,24.71,1706401.1
REZI,20.5,1,"[0, 0, 0, 0, 0, 0, 0, 0, 1, 0]",23.1,24.33,30.97,18.64,2624880.35
OUT,30.24,8,"[0, 1, 1, 1, 1, 1, 1, 1, 1, 0]",31.91,27.28,33.81,16.53,1861573.9
FLG,14.25,8,"[0, 1, 1, 1, 1, 1, 1, 1, 1, 0]",14.58,13.41,15.36,10.7,4522398.05
EAT,237.15,10,"[1, 1, 1, 1, 1, 1, 1, 1, 1, 1]",185.7,154.25,245.89,102.29,1218776.5
GXO,48.58,2,"[0, 0, 0, 0, 1, 0, 0, 0, 1, 0]",50.4,53.34,65.59,45.52,1617459.75
COGT,37.93,9,"[1, 1, 1, 1, 1, 1, 1, 1, 1, 0]",37.69,35.85,42.84,11.76,1817308.1
IBP,240.23,4,"[1, 0, 0, 0, 1, 0, 0, 0, 1, 1]",223.25,260.89,340.78,195.28,376151.35
VSNT,39.65,7,"[1, 1, 0, 1, 0, 0, 1, 1, 1, 1]",37.25,39.65,46.48,26.86,1824079.3
ABCB,89.77,9,"[1, 1, 1, 1, 1, 1, 1, 1, 1, 0]",88.72,81.43,93.17,68.39,441274.8
TFX,137.17,10,"[1, 1, 1, 1, 1, 1, 1, 1, 1, 1]",132.39,121.15,140.12,99.79,579890.6
IMVT,41.82,10,"[1, 1, 1, 1, 1, 1, 1, 1, 1, 1]",37.79,29.04,42.6,14.69,1010526.5
CGON,75.03,10,"[1, 1, 1, 1, 1, 1, 1, 1, 1, 1]",68.26,58.21,76.99,25.42,817387.5
USAR,20.0,6,"[1, 0, 1, 0, 1, 0, 1, 0, 1, 1]",18.98,19.16,38.68,11.9,12140740.0
ALKS,49.06,8,"[0, 1, 1, 1, 1, 1, 1, 1, 1, 0]",49.71,36.43,55.22,26.52,1685928.4
CENX,46.72,5,"[0, 0, 0, 0, 1, 1, 1, 0, 1, 1]",48.67,48.31,68.77,21.69,2087752.4
MSM,123.82,9,"[1, 1, 1, 1, 1, 1, 1, 1, 1, 0]",120.65,98.0,127.28,78.9,619725.45
SRRK,52.52,10,"[1, 1, 1, 1, 1, 1, 1, 1, 1, 1]",50.4,45.65,57.94,27.92,1032239.8
BLCO,17.05,8,"[1, 1, 1, 0, 1, 1, 0, 1, 1, 1]",16.12,16.4,18.6,14.32,427103.2
PIPR,76.5,4,"[1, 0, 0, 0, 0, 0, 0, 1, 1, 1]",76.24,80.33,92.51,69.79,537222.7
BKH,74.29,9,"[1, 1, 1, 1, 1, 1, 1, 1, 1, 0]",73.53,71.48,76.1,56.69,731567.35
KMX,59.92,10,"[1, 1, 1, 1, 1, 1, 1, 1, 1, 1]",54.44,44.46,62.17,30.88,2347902.2
MAC,24.71,8,"[0, 1, 1, 1, 1, 1, 1, 1, 1, 0]",24.96,20.56,26.51,15.8,3969383.7
CZR,29.75,8,"[0, 1, 1, 1, 1, 1, 1, 1, 1, 0]",29.78,25.72,30.41,18.14,4189648.55
PRIM,83.3,2,"[0, 0, 0, 0, 1, 0, 0, 0, 1, 0]",91.73,127.67,202.75,74.76,1278782.25
GLNG,52.49,10,"[1, 1, 1, 1, 1, 1, 1, 1, 1, 1]",50.18,46.12,57.07,34.97,1434014.05
OSCR,32.76,10,"[1, 1, 1, 1, 1, 1, 1, 1, 1, 1]",29.42,19.39,32.76,10.85,5651637.55
S,23.11,9,"[1, 1, 1, 1, 0, 1, 1, 1, 1, 1]",18.07,15.72,23.84,11.94,6231099.1
CORT,114.47,9,"[1, 1, 1, 1, 0, 1, 1, 1, 1, 1]",92.88,63.62,118.32,32.15,1268224.7
RUSHA,82.23,10,"[1, 1, 1, 1, 1, 1, 1, 1, 1, 1]",74.35,65.67,82.76,46.26,500278.7
HWC,79.78,10,"[1, 1, 1, 1, 1, 1, 1, 1, 1, 1]",74.95,67.11,79.78,53.34,850998.75
CACC,587.27,8,"[0, 1, 1, 1, 1, 1, 1, 1, 1, 0]",594.47,507.56,657.2,411.04,128675.1
ZGN,13.76,8,"[0, 1, 1, 1, 1, 1, 1, 1, 1, 0]",14.03,11.61,15.25,7.85,1009860.45
MATX,217.3,9,"[1, 1, 1, 1, 1, 1, 1, 1, 1, 0]",203.4,162.14,223.14,87.23,305006.65
MCY,105.38,8,"[0, 1, 1, 1, 1, 1, 1, 1, 1, 0]",105.89,94.62,111.12,72.13,281766.35
ALM,15.09,6,"[0, 0, 1, 0, 1, 1, 1, 0, 1, 1]",15.2,14.14,23.42,4.06,6690169.55
BGC,11.2,8,"[0, 1, 1, 1, 1, 1, 1, 1, 1, 0]",11.26,10.06,12.65,8.26,2446587.35
AUB,42.88,10,"[1, 1, 1, 1, 1, 1, 1, 1, 1, 1]",41.12,37.07,43.01,30.43,990633.2
GTX,29.0,8,"[0, 1, 1, 1, 1, 1, 1, 1, 1, 0]",32.14,22.97,36.23,12.35,2296552.55
MRCY,111.12,10,"[1, 1, 1, 1, 1, 1, 1, 1, 1, 1]",108.54,89.36,126.21,64.22,518311.35
VSEC,241.82,10,"[1, 1, 1, 1, 1, 1, 1, 1, 1, 1]",208.55,194.46,242.6,154.64,414184.3
TEO,13.34,9,"[0, 1, 1, 1, 1, 1, 1, 1, 1, 1]",13.61,12.33,15.98,6.52,234798.7
LBRT,22.01,4,"[0, 0, 0, 0, 1, 1, 1, 0, 1, 0]",24.1,24.44,33.83,9.91,6024121.3
XENE,62.35,9,"[1, 1, 1, 1, 1, 1, 1, 1, 1, 0]",61.16,51.23,70.96,35.66,621615.05
SNDR,36.1,8,"[0, 1, 1, 1, 1, 1, 1, 1, 1, 0]",36.55,29.59,38.66,20.04,927151.35
KLIC,99.09,8,"[0, 1, 1, 1, 1, 1, 1, 0, 1, 1]",106.59,75.38,133.81,34.96,1002364.15
SEI,63.3,9,"[0, 1, 1, 1, 1, 1, 1, 1, 1, 1]",66.62,59.03,82.88,24.67,3346358.7
GOLF,90.06,5,"[0, 0, 0, 1, 1, 1, 0, 1, 1, 0]",104.25,93.44,118.53,73.29,368488.5
BEPC,35.5,4,"[1, 0, 0, 0, 0, 0, 0, 1, 1, 1]",35.48,38.62,43.52,32.05,2186231.2
VCTR,118.24,10,"[1, 1, 1, 1, 1, 1, 1, 1, 1, 1]",94.17,75.47,118.24,59.52,553779.2
BC,82.67,10,"[1, 1, 1, 1, 1, 1, 1, 1, 1, 1]",81.07,77.33,88.28,57.76,730814.15
MUR,34.57,7,"[0, 0, 1, 1, 1, 1, 1, 1, 1, 0]",36.05,34.47,42.37,21.48,1699912.2
MGY,26.24,6,"[1, 0, 1, 0, 1, 1, 0, 1, 1, 0]",25.96,25.81,31.94,20.84,7526995.05
CRSP,53.55,5,"[1, 1, 1, 0, 0, 0, 0, 0, 1, 1]",52.3,53.23,76.78,44.34,1422043.2
PACS,44.44,9,"[1, 1, 1, 1, 1, 1, 1, 1, 1, 0]",42.34,35.25,48.45,7.71,902491.75
HASI,42.12,10,"[1, 1, 1, 1, 1, 1, 1, 1, 1, 1]",38.51,36.01,42.83,26.06,900147.95
ATAT,34.19,4,"[1, 0, 0, 0, 0, 0, 0, 1, 1, 1]",33.07,36.45,42.21,31.03,763509.5
CRC,53.31,5,"[0, 0, 0, 0, 1, 1, 0, 1, 1, 1]",53.85,54.68,69.66,42.98,784622.7
LEGN,20.37,2,"[0, 0, 0, 1, 0, 0, 0, 0, 1, 0]",26.03,23.92,37.5,16.65,2810068.65
PRM,33.9,8,"[0, 1, 1, 1, 1, 1, 1, 1, 1, 0]",34.24,28.86,37.78,18.42,1755066.3
IFS,54.69,8,"[0, 1, 1, 1, 1, 1, 1, 1, 1, 0]",56.84,47.34,60.68,36.83,262071.75
CROX,131.72,9,"[1, 1, 1, 1, 1, 1, 1, 1, 1, 0]",129.11,100.06,141.19,73.39,1023774.15
CAR,137.85,3,"[0, 0, 0, 0, 1, 0, 1, 0, 1, 0]",161.36,157.51,713.97,87.69,502543.6
M,23.41,7,"[0, 1, 1, 1, 0, 1, 1, 1, 1, 0]",24.07,21.1,26.21,12.34,4685147.05
AVAL,5.3,10,"[1, 1, 1, 1, 1, 1, 1, 1, 1, 1]",5.11,4.47,5.72,3.06,149147.6
KNF,66.4,3,"[0, 0, 0, 0, 1, 1, 0, 0, 1, 0]",78.48,78.44,93.97,59.93,737456.05
DIOD,103.48,10,"[1, 1, 1, 1, 1, 1, 1, 1, 1, 1]",98.77,76.59,122.76,42.36,620080.25
SON,58.27,10,"[1, 1, 1, 1, 1, 1, 1, 1, 1, 1]",54.29,49.06,60.0,37.64,1120846.35
WSC,23.76,8,"[0, 1, 1, 1, 1, 1, 1, 1, 1, 0]",26.52,22.11,29.07,14.84,2829330.7
RELY,26.3,10,"[1, 1, 1, 1, 1, 1, 1, 1, 1, 1]",22.59,17.82,26.3,12.2,3109333.85
SXT,133.47,10,"[1, 1, 1, 1, 1, 1, 1, 1, 1, 1]",120.26,103.07,133.47,82.4,533001.25
ALH,25.47,7,"[0, 1, 1, 1, 1, 0, 1, 1, 1, 0]",25.99,23.86,28.01,19.06,558980.9
ACLS,140.15,8,"[0, 1, 1, 1, 1, 1, 1, 0, 1, 1]",150.32,113.76,191.6,74.12,400664.3
LB,78.69,10,"[1, 1, 1, 1, 1, 1, 1, 1, 1, 1]",73.18,66.09,85.14,44.06,310340.95
STVN,21.06,8,"[1, 1, 1, 1, 0, 0, 1, 1, 1, 1]",18.97,18.49,27.51,13.38,423386.3
BMA,77.61,5,"[0, 0, 0, 1, 0, 1, 1, 1, 1, 0]",90.63,83.08,101.13,37.79,264275.95
GBTG,9.46,9,"[1, 1, 1, 1, 0, 1, 1, 1, 1, 1]",9.4,7.63,9.51,4.97,1350983.6
TDS,35.21,3,"[0, 0, 0, 0, 1, 0, 0, 0, 1, 1]",36.05,40.7,47.5,32.98,1159237.75
NOVT,166.58,10,"[1, 1, 1, 1, 1, 1, 1, 1, 1, 1]",154.4,135.37,168.59,99.22,439016.8
MARA,9.2,3,"[0, 0, 0, 1, 0, 0, 1, 0, 1, 0]",12.37,11.3,22.84,6.73,45780159.65
ACHR,6.62,5,"[1, 1, 0, 0, 0, 0, 1, 0, 1, 1]",5.22,6.7,13.64,4.44,45643990.5
PSMT,180.22,8,"[0, 1, 1, 1, 1, 1, 1, 1, 1, 0]",185.93,153.46,197.9,106.78,260045.9
SYNA,108.63,7,"[0, 1, 1, 1, 1, 1, 1, 0, 1, 0]",120.65,93.95,147.57,58.52,660314.5
OPEN,3.64,1,"[0, 0, 0, 0, 0, 0, 0, 0, 1, 0]",4.29,5.39,10.52,3.17,53691673.3
PBF,71.85,8,"[1, 1, 1, 1, 1, 1, 0, 0, 1, 1]",54.39,41.3,,,3392898.45
INDV,39.01,8,"[0, 1, 1, 1, 1, 1, 1, 1, 1, 0]",39.43,35.08,41.83,22.51,2359343.9
ENPH,40.48,6,"[0, 0, 1, 1, 1, 1, 1, 0, 1, 0]",44.96,40.23,72.33,26.12,4657381.4
KC,11.71,5,"[1, 0, 0, 0, 1, 0, 1, 0, 1, 1]",10.51,12.6,18.21,8.58,1407536.65
MIAX,43.52,7,"[1, 1, 0, 0, 0, 1, 1, 1, 1, 1]",41.73,43.59,56.84,31.12,1232795.3
TGS,28.1,4,"[0, 0, 0, 0, 0, 1, 1, 1, 1, 0]",30.2,30.67,35.32,20.12,195982.35
DNTH,115.96,10,"[1, 1, 1, 1, 1, 1, 1, 1, 1, 1]",96.75,70.06,115.96,20.74,807007.25
SPHR,168.0,10,"[1, 1, 1, 1, 1, 1, 1, 1, 1, 1]",151.46,117.22,176.38,39.87,797638.35
MDU,20.65,6,"[0, 0, 1, 0, 1, 1, 1, 1, 1, 0]",20.87,20.61,22.65,15.53,1450568.15
EBC,23.62,10,"[1, 1, 1, 1, 1, 1, 1, 1, 1, 1]",22.07,19.95,23.62,15.32,2699189.95
HRB,53.92,8,"[1, 1, 1, 1, 0, 0, 1, 1, 1, 1]",41.0,37.87,54.18,27.66,2660816.65
NAVN,29.25,7,"[1, 1, 0, 1, 0, 0, 1, 1, 1, 1]",24.6,29.25,29.71,8.51,2651628.45
AIR,145.25,10,"[1, 1, 1, 1, 1, 1, 1, 1, 1, 1]",135.66,110.23,149.43,71.73,428177.3
VSH,35.08,7,"[0, 1, 1, 1, 1, 1, 1, 0, 1, 0]",45.71,27.55,64.9,11.65,5033323.7
PI,172.65,7,"[1, 1, 1, 1, 0, 0, 1, 0, 1, 1]",143.15,142.82,241.91,91.34,517799.95
MEOH,56.12,9,"[1, 1, 1, 0, 1, 1, 1, 1, 1, 1]",53.21,50.24,65.5,33.17,874993.75
NTSK,15.81,7,"[1, 1, 1, 1, 0, 0, 1, 0, 1, 1]",11.82,13.59,25.79,7.73,4310374.65
QS,6.19,2,"[0, 0, 0, 0, 0, 0, 0, 0, 1, 1]",6.53,8.75,18.44,4.89,24293300.1
CVLT,147.09,7,"[1, 1, 1, 1, 0, 0, 1, 1, 1, 0]",136.49,113.2,195.41,75.18,697812.95
CSTM,29.6,9,"[0, 1, 1, 1, 1, 1, 1, 1, 1, 1]",30.91,25.69,36.15,13.73,1610049.65
LAUR,37.62,10,"[1, 1, 1, 1, 1, 1, 1, 1, 1, 1]",37.16,34.0,40.46,25.91,1006103.5
PAM,78.93,5,"[0, 0, 0, 1, 0, 1, 1, 1, 1, 0]",83.69,84.32,92.27,56.55,173375.35
PAGP,25.84,10,"[1, 1, 1, 1, 1, 1, 1, 1, 1, 1]",24.62,21.57,26.33,15.63,1577891.95
CVSA,132.01,9,"[1, 1, 1, 1, 1, 0, 1, 1, 1, 1]",125.31,112.57,154.45,89.36,334051.15
ATMU,51.01,4,"[0, 0, 0, 0, 1, 1, 0, 1, 1, 0]",51.02,54.31,65.5,42.08,670172.85
FTDR,86.47,10,"[1, 1, 1, 1, 1, 1, 1, 1, 1, 1]",74.35,62.83,90.83,49.1,523367.6
MMYT,60.42,7,"[1, 1, 1, 1, 0, 0, 1, 0, 1, 1]",53.33,58.48,103.21,36.3,774846.65
INSW,97.05,10,"[1, 1, 1, 1, 1, 1, 1, 1, 1, 1]",86.32,66.55,97.05,36.79,506188.05
HCC,98.2,9,"[1, 1, 1, 0, 1, 1, 1, 1, 1, 1]",86.53,86.43,110.18,54.95,691138.1
NAMS,26.98,1,"[0, 0, 0, 0, 0, 0, 0, 0, 1, 0]",31.0,33.43,41.45,23.95,1104290.0
KNSA,76.75,10,"[1, 1, 1, 1, 1, 1, 1, 1, 1, 1]",63.38,49.68,80.92,33.04,712656.15
SHC,18.89,9,"[1, 1, 1, 1, 0, 1, 1, 1, 1, 1]",17.36,16.58,19.35,13.13,2972637.35
TBBB,47.79,10,"[1, 1, 1, 1, 1, 1, 1, 1, 1, 1]",41.43,36.19,49.2,24.12,650817.5
HRI,173.51,9,"[1, 1, 1, 1, 0, 1, 1, 1, 1, 1]",151.43,139.2,179.36,90.58,508883.4
NWE,71.81,9,"[1, 1, 1, 1, 1, 1, 1, 1, 1, 0]",70.9,67.75,73.42,52.73,355088.3
FLNC,13.14,2,"[0, 0, 0, 0, 0, 0, 1, 0, 1, 0]",17.47,18.69,32.23,6.75,8092316.3
LGND,294.6,9,"[1, 1, 1, 1, 1, 1, 1, 1, 1, 0]",289.37,225.75,322.61,151.08,292817.75
IPGP,85.79,3,"[0, 0, 0, 0, 1, 1, 0, 0, 1, 0]",101.55,102.02,153.91,71.6,424363.2
CBT,87.88,9,"[1, 1, 1, 1, 1, 1, 1, 1, 1, 0]",87.88,75.55,93.4,57.64,477384.45
GTLB,42.62,8,"[1, 1, 1, 1, 0, 0, 1, 1, 1, 1]",32.53,31.75,51.04,19.42,4332870.9
BCO,114.27,6,"[1, 1, 1, 0, 0, 1, 0, 1, 1, 0]",107.9,112.32,134.96,91.97,573200.95
HAFN,7.74,10,"[1, 1, 1, 1, 1, 1, 1, 1, 1, 1]",7.37,6.72,9.11,4.77,991537.6
WIX,74.13,5,"[1, 1, 0, 0, 0, 0, 1, 0, 1, 1]",52.3,79.52,184.24,40.43,1789503.85
AZZ,151.35,10,"[1, 1, 1, 1, 1, 1, 1, 1, 1, 1]",149.21,129.53,159.9,97.18,243816.95
ONDS,9.24,5,"[1, 0, 0, 0, 1, 0, 1, 0, 1, 1]",8.38,9.37,14.01,3.59,99405204.15
UNF,286.76,9,"[1, 1, 1, 1, 1, 1, 1, 1, 1, 0]",278.64,235.11,301.19,149.3,140708.35
IRDM,50.2,10,"[1, 1, 1, 1, 1, 1, 1, 1, 1, 1]",47.96,31.64,55.72,15.57,1299261.4
STNG,79.41,10,"[1, 1, 1, 1, 1, 1, 1, 1, 1, 1]",76.85,69.43,86.1,44.43,747362.8
